ID,Success,Real label,BooleanExchange S->F,BooleanExchange F->F,BooleanExchange F->S,BooleanExchange S->S,LoopExchange S->F,LoopExchange F->F,LoopExchange F->S,LoopExchange S->S,PermuteStatement S->F,PermuteStatement F->F,PermuteStatement F->S,PermuteStatement S->S,ReorderCondition S->F,ReorderCondition F->F,ReorderCondition F->S,ReorderCondition S->S,SwitchToIf S->F,SwitchToIf F->F,SwitchToIf F->S,SwitchToIf S->S,TryCatch S->F,TryCatch F->F,TryCatch F->S,TryCatch S->S,UnusedStatement S->F,UnusedStatement F->F,UnusedStatement F->S,UnusedStatement S->S,VariableRenaming S->F,VariableRenaming F->F,VariableRenaming F->S,VariableRenaming S->S
b16cb0f913cc0fe744bca2cf38ea84cc38918eec_ClassDeactivation.java,1,0.0,,,,,,,,,1.0,0.0,0.0,0.0,5.0,0.0,0.0,0.0,,,,,0.0,0.0,0.0,2.0,0.0,0.0,0.0,2.0,0.0,0.0,0.0,6.0
9804c0d8be183925d28a71b47bf25a0281434944_MBean01.java,1,0.0,,,,,,,,,,,,,,,,,,,,,,,,,,,,,,,,
9804c0d8be183925d28a71b47bf25a0281434944_MultiBean.java,1,0.0,,,,,,,,,,,,,,,,,,,,,,,,,,,,,,,,
9804c0d8be183925d28a71b47bf25a0281434944_NoBean.java,1,0.0,,,,,,,,,,,,,,,,,,,,,,,,,,,,,,,,
d6f18da6c01eab0922c69802860049a1a19622ba_BeanManagerProvider.java,1,0.0,,,,,,,,,,,,,0.0,0.0,0.0,6.0,,,,,0.0,0.0,0.0,3.0,0.0,0.0,0.0,3.0,0.0,0.0,0.0,5.0
beef19cceb7fee3041fadb025c97ab2465c31bf9_AbstractPropertyExpressionInterpreter.java,1,0.0,0.0,0.0,0.0,1.0,,,,,,,,,0.0,0.0,0.0,11.0,,,,,0.0,0.0,0.0,1.0,0.0,0.0,0.0,1.0,0.0,0.0,0.0,7.0
e0abb6c27bc6a410f4c91c84f799f7b6f2372bb4_ConfigSource.java,1,0.0,,,,,,,,,,,,,0.0,0.0,0.0,3.0,,,,,0.0,0.0,0.0,1.0,0.0,0.0,0.0,1.0,0.0,0.0,0.0,4.0
ddabd35cd806a4eac8095bbd37ba04fd3e68fc4e_PropertyFileConfigSource.java,1,0.0,,,,,,,,,,,,,0.0,0.0,0.0,5.0,,,,,0.0,0.0,0.0,1.0,0.0,0.0,0.0,1.0,0.0,0.0,0.0,6.0
bf9bf4817ad659672caf65c90650ddf086f3e935_AnnotatedConstructorImpl.java,1,0.0,,,,,,,,,,,,,,,,,,,,,,,,,,,,,,,,
bf9bf4817ad659672caf65c90650ddf086f3e935_AnnotatedMemberImpl.java,1,0.0,,,,,,,,,,,,,,,,,,,,,,,,,,,,,,,,
bf9bf4817ad659672caf65c90650ddf086f3e935_AnnotatedMethodImpl.java,1,0.0,,,,,,,,,,,,,,,,,,,,,,,,,,,,,,,,
1880190f9276b2f76fe9e32283fde311feaa426f_AnnotatedCallableImpl.java,1,0.0,,,,,1.0,0.0,0.0,0.0,0.0,0.0,0.0,1.0,0.0,0.0,0.0,4.0,,,,,1.0,0.0,0.0,0.0,0.0,0.0,0.0,1.0,0.0,0.0,0.0,11.0
1880190f9276b2f76fe9e32283fde311feaa426f_AnnotatedFieldImpl.java,1,0.0,,,,,,,,,,,,,,,,,,,,,,,,,,,,,,,,
1880190f9276b2f76fe9e32283fde311feaa426f_AnnotatedMemberImpl.java,1,0.0,,,,,,,,,,,,,,,,,,,,,,,,,,,,,,,,
1880190f9276b2f76fe9e32283fde311feaa426f_ParameterizedTypeImpl.java,1,0.0,,,,,,,,,,,,,0.0,0.0,0.0,7.0,,,,,1.0,0.0,0.0,0.0,0.0,0.0,0.0,1.0,0.0,0.0,0.0,4.0
1880190f9276b2f76fe9e32283fde311feaa426f_RedefinitionContext.java,1,0.0,,,,,,,,,,,,,,,,,,,,,,,,,,,,,,,,
1880190f9276b2f76fe9e32283fde311feaa426f_Reflections.java,1,0.0,1.0,0.0,0.0,0.0,1.0,0.0,0.0,0.0,,,,,2.0,0.0,0.0,9.0,,,,,1.0,0.0,0.0,2.0,0.0,0.0,0.0,3.0,1.0,0.0,0.0,11.0
80cad55dc453510e0cbc06eb0cc45ac1afec1f78_WebProfileCategory.java,1,0.0,,,,,,,,,,,,,,,,,,,,,,,,,,,,,,,,
3f98b154e7bd853df8b2b81fa51d2b96ad4e648e_AnnotatedMethodImpl.java,1,0.0,,,,,,,,,,,,,,,,,,,,,,,,,,,,,,,,
3f98b154e7bd853df8b2b81fa51d2b96ad4e648e_AnnotationRedefiner.java,1,0.0,,,,,,,,,,,,,,,,,,,,,,,,,,,,,,,,
e99372f4cd7a81a456e5b510bb6b94ee47778238_AnnotatedTypeImpl.java,1,0.0,,,,,,,,,,,,,,,,,,,,,,,,,,,,,,,,
212494671f36ecf262f430dd0e9ab4ef6558671a_AnnotatedImpl.java,1,0.0,,,,,,,,,,,,,,,,,,,,,,,,,,,,,,,,
212494671f36ecf262f430dd0e9ab4ef6558671a_AnnotatedMemberImpl.java,1,0.0,,,,,,,,,,,,,,,,,,,,,,,,,,,,,,,,
212494671f36ecf262f430dd0e9ab4ef6558671a_AnnotatedParameterImpl.java,1,0.0,,,,,,,,,,,,,,,,,,,,,,,,,,,,,,,,
3aeda251b087c34aa242b4f6e3987e070b824363_AnnotatedCallableImpl.java,1,0.0,,,,,1.0,0.0,0.0,0.0,0.0,0.0,0.0,1.0,0.0,0.0,0.0,4.0,,,,,1.0,0.0,0.0,0.0,0.0,0.0,0.0,1.0,0.0,0.0,0.0,11.0
3aeda251b087c34aa242b4f6e3987e070b824363_AnnotatedConstructorImpl.java,1,0.0,,,,,,,,,,,,,,,,,,,,,,,,,,,,,,,,
3aeda251b087c34aa242b4f6e3987e070b824363_AnnotatedMemberImpl.java,1,0.0,,,,,,,,,,,,,,,,,,,,,,,,,,,,,,,,
3aeda251b087c34aa242b4f6e3987e070b824363_RedefinitionContext.java,1,0.0,,,,,,,,,,,,,,,,,,,,,,,,,,,,,,,,
427a518602fe4642ae213a19107295c3d1266492_RedefinitionContext.java,1,0.0,,,,,,,,,,,,,,,,,,,,,,,,,,,,,,,,
427a518602fe4642ae213a19107295c3d1266492_AnnotatedImpl.java,1,0.0,,,,,,,,,,,,,,,,,,,,,,,,,,,,,,,,
427a518602fe4642ae213a19107295c3d1266492_NamedAnnotationRedefiner.java,1,0.0,,,,,,,,,,,,,,,,,,,,,0.0,0.0,0.0,1.0,0.0,0.0,0.0,1.0,0.0,0.0,0.0,3.0
966debc6e7219ca173f0e7df2bc19246db3ab514_AnnotatedTypeImpl.java,1,0.0,,,,,,,,,,,,,,,,,,,,,,,,,,,,,,,,
966debc6e7219ca173f0e7df2bc19246db3ab514_HierarchyDiscovery.java,1,0.0,,,,,,,,,,,,,0.0,0.0,0.0,1.0,,,,,0.0,0.0,0.0,2.0,0.0,0.0,0.0,2.0,0.0,0.0,0.0,6.0
5fd67d8e5e9c3a28023e860a5aa29bdbbb98e306_ClassUtils.java,0,1.0,,,,,,,,,,,,,0.0,4.0,0.0,0.0,,,,,0.0,1.0,0.0,0.0,0.0,2.0,0.0,0.0,0.0,4.0,0.0,0.0
5fd67d8e5e9c3a28023e860a5aa29bdbbb98e306_ConfigSource.java,1,0.0,,,,,,,,,,,,,,,,,,,,,,,,,,,,,,,,
e3f7e3e4e254401265ac5cc87fcaff5f232392f8_TestClassDeactivation.java,1,0.0,,,,,,,,,,,,,,,,,,,,,0.0,0.0,0.0,2.0,0.0,0.0,0.0,2.0,,,,
e3f7e3e4e254401265ac5cc87fcaff5f232392f8_TestClassDeactivator.java,1,0.0,,,,,,,,,,,,,,,,,,,,,0.0,0.0,0.0,1.0,0.0,0.0,0.0,1.0,0.0,0.0,0.0,1.0
a5ff2fa3f1f0a168fd4188cba743a98b8c4cda7f_TestClassDeactivation.java,1,0.0,,,,,,,,,,,,,,,,,,,,,,,,,,,,,,,,
4b7f1e64030e218e98068ccd1d4f760bb05ca207_TestClassDeactivator.java,1,0.0,,,,,,,,,,,,,,,,,,,,,0.0,0.0,0.0,1.0,0.0,0.0,0.0,1.0,0.0,0.0,0.0,1.0
72c17ac5df2c95a1fc4c5b1529a7addafdf93d14_ExcludeExtension.java,1,0.0,,,,,,,,,,,,,,,,,,,,,,,,,,,,,,,,
72c17ac5df2c95a1fc4c5b1529a7addafdf93d14_IntegrationTestProjectStageProducer.java,1,0.0,,,,,,,,,,,,,,,,,,,,,,,,,,,,,,,,
f3cc567349f44d8b7b179213c28e8389223fffdb_BeanManagerProvider.java,1,0.0,,,,,,,,,,,,,,,,,,,,,,,,,,,,,,,,
f3cc567349f44d8b7b179213c28e8389223fffdb_ClassDeactivation.java,1,0.0,,,,,,,,,,,,,,,,,,,,,,,,,,,,,,,,
f3cc567349f44d8b7b179213c28e8389223fffdb_Reflections.java,1,0.0,,,,,,,,,,,,,,,,,,,,,,,,,,,,,,,,
f3cc567349f44d8b7b179213c28e8389223fffdb_SetAccessiblePrivilegedAction.java,0,1.0,,,,,,,,,,,,,,,,,,,,,,,,,,,,,,,,
f3cc567349f44d8b7b179213c28e8389223fffdb_ExcludeExtension.java,1,0.0,,,,,,,,,,,,,,,,,,,,,,,,,,,,,,,,
f3cc567349f44d8b7b179213c28e8389223fffdb_JndiUtils.java,1,0.0,,,,,,,,,,,,,,,,,,,,,,,,,,,,,,,,
f3cc567349f44d8b7b179213c28e8389223fffdb_IntegrationTestProjectStageProducer.java,1,0.0,,,,,,,,,,,,,,,,,,,,,,,,,,,,,,,,
da47fa57ec9111c87b027a8ca11005cebafcaeb3_AnnotatedCallableImpl.java,1,0.0,,,,,,,,,,,,,,,,,,,,,,,,,,,,,,,,
da47fa57ec9111c87b027a8ca11005cebafcaeb3_PropertyFileConfigSource.java,1,0.0,,,,,,,,,0.0,0.0,0.0,1.0,2.0,0.0,0.0,0.0,,,,,1.0,0.0,0.0,0.0,0.0,0.0,0.0,1.0,0.0,0.0,0.0,5.0
6e0a621c684e9a91d8fc64ee9ef4c9e9b52e0f0f_BeanManagerProvider.java,0,1.0,,,,,,,,,,,,,0.0,3.0,0.0,0.0,,,,,0.0,1.0,0.0,0.0,0.0,1.0,0.0,0.0,0.0,2.0,0.0,0.0
16ad0a377a4aefbabd7d9a1d440e8ba96df417d4_MockServletContext.java,1,0.0,,,,,,,,,,,,,,,,,,,,,,,,,,,,,,,,
16ad0a377a4aefbabd7d9a1d440e8ba96df417d4_OpenWebBeansContainerControl.java,1,0.0,,,,,,,,,,,,,,,,,,,,,,,,,,,,,,,,
446441b300c600ee1576599dfffa04dc62bd91f5_User.java,1,0.0,,,,,,,,,,,,,,,,,,,,,,,,,,,,,,,,
446441b300c600ee1576599dfffa04dc62bd91f5_AnnotatedTypeBuilder.java,1,0.0,,,,,2.0,0.0,0.0,0.0,,,,,3.0,0.0,0.0,28.0,,,,,0.0,0.0,0.0,3.0,0.0,0.0,0.0,5.0,0.0,0.0,0.0,32.0
e51667902c52ec60043fd92310adcab465c53964_ImmutableInjectionPoint.java,0,0.0,,,,,,,,,,,,,,,,,,,,,,,,,0.0,7.0,0.0,0.0,,,,
e51667902c52ec60043fd92310adcab465c53964_InjectableMethod.java,1,0.0,,,,,1.0,0.0,0.0,0.0,,,,,0.0,0.0,0.0,2.0,,,,,1.0,0.0,0.0,0.0,0.0,0.0,0.0,4.0,0.0,0.0,0.0,9.0
e51667902c52ec60043fd92310adcab465c53964_Beans.java,1,0.0,2.0,0.0,0.0,0.0,,,,,,,,,11.0,0.0,0.0,21.0,,,,,4.0,0.0,0.0,0.0,0.0,0.0,0.0,5.0,6.0,0.0,0.0,19.0
316a6ad0d6b27e06fb79fe027397661cbfbebcd3_SecurityExtension.java,1,1.0,2.0,0.0,0.0,0.0,,,,,,,,,18.0,0.0,0.0,0.0,,,,,5.0,0.0,0.0,0.0,5.0,0.0,0.0,0.0,25.0,0.0,0.0,0.0
2a5ff0361cebae4ab268719d1df7ebfe34c92495_Identity.java,1,0.0,,,,,,,,,,,,,,,,,,,,,,,,,,,,,,,,
2001de19da7c071c04d3e085ba8da51f0330c51b_AccessDecisionVoter.java,1,0.0,,,,,,,,,,,,,,,,,,,,,,,,,,,,,,,,
2001de19da7c071c04d3e085ba8da51f0330c51b_SecuredBeanWithStereotype.java,1,0.0,,,,,,,,,,,,,,,,,,,,,,,,,,,,,,,,
de859888d774f0b6ba686b7f578f4c47704053d5_SimpleBeanLookupExample.java,1,0.0,,,,,,,,,,,,,0.0,0.0,0.0,3.0,,,,,0.0,0.0,0.0,1.0,0.0,0.0,0.0,1.0,0.0,0.0,0.0,7.0
a179c42c94b7fc87ed9b7c2910b796e34bf36d3f_IdentityImpl.java,1,0.0,,,,,,,,,0.0,0.0,0.0,1.0,0.0,0.0,0.0,4.0,0.0,0.0,0.0,1.0,0.0,0.0,0.0,2.0,0.0,0.0,0.0,2.0,0.0,0.0,0.0,1.0
962383e24a1cb95dcfbebfba955c405afd6c7016_BeanManagerProvider.java,0,1.0,,,,,,,,,,,,,0.0,1.0,0.0,0.0,,,,,0.0,3.0,0.0,0.0,0.0,3.0,0.0,0.0,0.0,6.0,0.0,0.0
962383e24a1cb95dcfbebfba955c405afd6c7016_ProjectStageProducer.java,1,0.0,,,,,,,,,,,,,0.0,0.0,0.0,3.0,,,,,0.0,0.0,0.0,1.0,0.0,0.0,0.0,1.0,,,,
962383e24a1cb95dcfbebfba955c405afd6c7016_ExcludeExtension.java,0,1.0,,,,,,,,,,,,,0.0,5.0,0.0,0.0,,,,,0.0,4.0,0.0,0.0,0.0,4.0,0.0,0.0,0.0,15.0,0.0,0.0
15917f7177a57851ba82c4fab15993a20964c0a6_Group.java,1,0.0,,,,,,,,,,,,,,,,,,,,,,,,,,,,,,,,
d101b5c06174afece053275a0ce8c0e371bf5579_ConfigPropertyExtension.java,1,0.0,,,,,,,,,0.0,0.0,0.0,1.0,0.0,0.0,0.0,6.0,,,,,0.0,0.0,0.0,1.0,0.0,0.0,0.0,1.0,0.0,0.0,0.0,6.0
d101b5c06174afece053275a0ce8c0e371bf5579_DefaultConverterFactory.java,1,0.0,,,,,,,,,0.0,0.0,0.0,1.0,1.0,0.0,0.0,0.0,,,,,2.0,0.0,0.0,1.0,3.0,0.0,0.0,0.0,9.0,0.0,0.0,1.0
bd2004c9713f261a4d533674b6f4fabe17f4a97e_ExcludeTestProjectStageDevelopment.java,1,0.0,,,,,,,,,,,,,,,,,,,,,0.0,0.0,0.0,1.0,0.0,0.0,0.0,1.0,0.0,0.0,0.0,1.0
ccb8cb01830bb895f3d7f98cf0af8d1308a3a73e_AnnotatedTypeBuilder.java,0,1.0,,,,,0.0,0.0,2.0,0.0,,,,,0.0,28.0,0.0,0.0,,,,,0.0,1.0,1.0,0.0,0.0,4.0,0.0,0.0,0.0,29.0,0.0,0.0
ccb8cb01830bb895f3d7f98cf0af8d1308a3a73e_ImmutableInjectionPoint.java,1,0.0,,,,,,,,,,,,,,,,,,,,,,,,,,,,,,,,
2e1f60ec82fb61d0080186addef8381f2e55e193_InjectableMethod.java,1,0.0,,,,,1.0,0.0,0.0,0.0,,,,,0.0,0.0,0.0,3.0,,,,,0.0,0.0,0.0,1.0,0.0,0.0,0.0,2.0,0.0,0.0,0.0,10.0
2e1f60ec82fb61d0080186addef8381f2e55e193_ConfigPropertyExtension.java,1,0.0,,,,,,,,,,,,,0.0,0.0,0.0,1.0,,,,,0.0,0.0,0.0,1.0,0.0,0.0,0.0,1.0,,,,
2e1f60ec82fb61d0080186addef8381f2e55e193_ExcludeExtension.java,1,0.0,,,,,,,,,,,,,0.0,0.0,0.0,1.0,,,,,0.0,0.0,0.0,1.0,0.0,0.0,0.0,1.0,,,,
bdbb4b30a94ef9475e14a601fd1ed52d18daa404_ReflectionUtils.java,1,0.0,,,,,,,,,,,,,,,,,,,,,0.0,0.0,0.0,2.0,0.0,0.0,0.0,2.0,0.0,0.0,0.0,4.0
a66fa028893cc72a6f6277735b50feac20b6edd8_AuthenticatorSelectorImpl.java,1,0.0,,,,,,,,,,,,,0.0,0.0,0.0,3.0,,,,,0.0,0.0,0.0,1.0,0.0,0.0,0.0,1.0,0.0,0.0,0.0,4.0
4b2fe6550dc4c33c204ac094fe53b5a31e595843_Car.java,0,1.0,,,,,,,,,,,,,,,,,,,,,,,,,0.0,2.0,0.0,0.0,0.0,1.0,0.0,0.0
1a2c7ffd0d0a1ad3dea34515a54958f0a6ce2932_Identity.java,1,0.0,,,,,,,,,,,,,,,,,,,,,,,,,,,,,,,,
1a2c7ffd0d0a1ad3dea34515a54958f0a6ce2932_PostAuthenticateEvent.java,1,0.0,,,,,,,,,,,,,,,,,,,,,,,,,,,,,,,,
1a2c7ffd0d0a1ad3dea34515a54958f0a6ce2932_AccessDecisionVoterContext.java,1,0.0,,,,,,,,,,,,,,,,,,,,,,,,,,,,,,,,
1a2c7ffd0d0a1ad3dea34515a54958f0a6ce2932_SecurityBindingType.java,1,0.0,,,,,,,,,,,,,,,,,,,,,,,,,,,,,,,,
1a2c7ffd0d0a1ad3dea34515a54958f0a6ce2932_EditableAccessDecisionVoterContext.java,1,0.0,,,,,,,,,,,,,,,,,,,,,,,,,,,,,,,,
1a2c7ffd0d0a1ad3dea34515a54958f0a6ce2932_SecurityExtension.java,0,1.0,,,,,,,,,,,,,,,,,,,,,0.0,1.0,0.0,0.0,0.0,1.0,0.0,0.0,0.0,1.0,0.0,0.0
1a2c7ffd0d0a1ad3dea34515a54958f0a6ce2932_Inquiry.java,1,0.0,,,,,,,,,,,,,,,,,,,,,,,,,,,,,,,,
750f7cdbd59eca550923265aa3d0a11fa784f018_SecuredAnnotationAuthorizer.java,1,0.0,,,,,,,,,,,,,,,,,,,,,,,,,,,,,,,,
a3f7af116daf3b5b0f61a4567ebbc7e40350c9be_OpenWebBeansContainerControl.java,1,0.0,,,,,,,,,,,,,0.0,0.0,0.0,2.0,,,,,0.0,0.0,0.0,2.0,0.0,0.0,0.0,3.0,,,,
84ce6792897d35ec2608107a17616b590e1f4d11_ImmutableBeanWrapper.java,0,0.0,,,,,,,,,,,,,,,,,,,,,0.0,0.0,1.0,0.0,0.0,0.0,2.0,0.0,0.0,2.0,1.0,0.0
84ce6792897d35ec2608107a17616b590e1f4d11_Jay.java,1,0.0,,,,,,,,,,,,,,,,,,,,,,,,,0.0,0.0,0.0,1.0,,,,
ca90b1cc114de3a417a57ef47c9626cd2b83652a_DefaultConfigSourceProvider.java,1,0.0,,,,,,,,,,,,,,,,,,,,,,,,,,,,,,,,
ca90b1cc114de3a417a57ef47c9626cd2b83652a_Jay.java,1,0.0,,,,,,,,,,,,,,,,,,,,,,,,,,,,,,,,
dd355a2ba89c2df6d7caade6bf3d7283ff4b9dcb_Exclude.java,1,0.0,,,,,,,,,,,,,,,,,,,,,,,,,,,,,,,,
dd355a2ba89c2df6d7caade6bf3d7283ff4b9dcb_ConfigPropertyBean.java,1,0.0,,,,,,,,,,,,,,,,,,,,,,,,,,,,,,,,
dd355a2ba89c2df6d7caade6bf3d7283ff4b9dcb_CustomConfigAnnotationWithMetaData.java,1,0.0,,,,,,,,,,,,,,,,,,,,,,,,,,,,,,,,
dd355a2ba89c2df6d7caade6bf3d7283ff4b9dcb_SettingsBean.java,1,0.0,,,,,,,,,,,,,,,,,,,,,,,,,,,,,,,,
2975d3373c7c96ca6fa11d978932c52c4ccc943b_SimpleMessage.java,1,0.0,,,,,,,,,,,,,,,,,,,,,,,,,,,,,,,,
46285dcbcbe329b623c6fd0d14005c7ca8c6559f_CaughtException.java,1,0.0,,,,,,,,,,,,,,,,,,,,,,,,,0.0,0.0,0.0,3.0,,,,
46285dcbcbe329b623c6fd0d14005c7ca8c6559f_ExceptionHandler.java,1,0.0,,,,,,,,,,,,,,,,,,,,,,,,,,,,,,,,
46285dcbcbe329b623c6fd0d14005c7ca8c6559f_ExceptionToCatch.java,1,0.0,,,,,,,,,,,,,,,,,,,,,,,,,0.0,0.0,0.0,1.0,0.0,0.0,0.0,1.0
46285dcbcbe329b623c6fd0d14005c7ca8c6559f_HandlerMethodStorage.java,1,0.0,,,,,,,,,,,,,,,,,,,,,,,,,,,,,,,,
368611e8d34eb969d0109c27ef51309353ca586d_ExceptionHandledHandler.java,1,0.0,,,,,,,,,,,,,,,,,,,,,1.0,0.0,0.0,1.0,6.0,0.0,0.0,0.0,3.0,0.0,0.0,0.0
368611e8d34eb969d0109c27ef51309353ca586d_ProceedCauseHandler.java,1,0.0,,,,,,,,,,,,,,,,,,,,,0.0,0.0,0.0,4.0,0.0,0.0,0.0,8.0,0.0,0.0,0.0,4.0
f21bf9121a00aad5cea75957cca7c59cbbc3035b_ProceedCauseHandler.java,1,0.0,,,,,,,,,,,,,,,,,,,,,3.0,0.0,0.0,1.0,0.0,0.0,0.0,4.0,0.0,0.0,0.0,4.0
f21bf9121a00aad5cea75957cca7c59cbbc3035b_HandlerWhichThrowsExceptions.java,1,0.0,,,,,,,,,,,,,,,,,,,,,,,,,,,,,0.0,0.0,0.0,1.0
d89f26a7bc5eba5b9c37d9cb3baf439138a5b581_DefaultExceptionEvent.java,1,0.0,,,,,,,,,,,,,,,,,,,,,,,,,,,,,,,,
d89f26a7bc5eba5b9c37d9cb3baf439138a5b581_ExceptionHandlerDispatch.java,1,1.0,,,,,0.0,0.0,0.0,1.0,0.0,0.0,0.0,1.0,0.0,0.0,0.0,7.0,0.0,0.0,0.0,2.0,1.0,0.0,0.0,0.0,0.0,0.0,0.0,1.0,5.0,0.0,0.0,9.0
e2b7a35db930d5f791bf9ccd62a0c2e68e41d3ef_AlreadyLoggedInEvent.java,1,0.0,,,,,,,,,,,,,,,,,,,,,,,,,,,,,,,,
e2b7a35db930d5f791bf9ccd62a0c2e68e41d3ef_LoginFailedEvent.java,1,0.0,,,,,,,,,,,,,,,,,,,,,,,,,,,,,,,,
9c5194feb7e1b464682aab8012a0d37fe530c4df_IntrospectiveExceptionEvent.java,1,0.0,,,,,,,,,,,,,,,,,,,,,,,,,,,,,,,,
9c5194feb7e1b464682aab8012a0d37fe530c4df_DefaultExceptionEvent.java,1,0.0,,,,,,,,,,,,,,,,,,,,,,,,,,,,,,,,
9c5194feb7e1b464682aab8012a0d37fe530c4df_HandlerMethodImpl.java,1,0.0,,,,,,,,,,,,,,,,,,,,,,,,,,,,,,,,
9c5194feb7e1b464682aab8012a0d37fe530c4df_ProceedCauseHandler.java,1,0.0,,,,,,,,,,,,,,,,,,,,,,,,,,,,,,,,
9c5194feb7e1b464682aab8012a0d37fe530c4df_CalledExceptionHandler.java,1,0.0,,,,,,,,,,,,,,,,,,,,,,,,,,,,,,,,
1ced97b6dbdc27597019cd4570ea3309d0860081_Handles.java,1,0.0,,,,,,,,,,,,,,,,,,,,,,,,,,,,,,,,
1ced97b6dbdc27597019cd4570ea3309d0860081_AbortingBreadthFirstHandler.java,1,0.0,,,,,,,,,,,,,,,,,,,,,,,,,,,,,,,,
1ced97b6dbdc27597019cd4570ea3309d0860081_ThrowingNewHandler.java,1,0.0,,,,,,,,,,,,,,,,,,,,,,,,,,,,,,,,
1ced97b6dbdc27597019cd4570ea3309d0860081_CalledExceptionHandler.java,1,0.0,,,,,,,,,,,,,,,,,,,,,,,,,,,,,,,,
1ced97b6dbdc27597019cd4570ea3309d0860081_SecurityDefinitionException.java,1,0.0,,,,,,,,,,,,,,,,,,,,,,,,,,,,,,,,
78d0434e452c7bcefb5f4e925dc057478ef46b86_AnnotatedCallableImpl.java,1,0.0,,,,,,,,,,,,,,,,,,,,,,,,,,,,,,,,
78d0434e452c7bcefb5f4e925dc057478ef46b86_AnnotatedTypeBuilder.java,1,0.0,,,,,,,,,,,,,,,,,,,,,,,,,,,,,,,,
78d0434e452c7bcefb5f4e925dc057478ef46b86_OutboundParameterValueRedefiner.java,0,1.0,,,,,,,,,,,,,,,,,,,,,,,,,,,,,,,,
78d0434e452c7bcefb5f4e925dc057478ef46b86_SecurityParameterValueRedefiner.java,1,0.0,,,,,,,,,,,,,,,,,,,,,,,,,,,,,,,,
35eb438923bb817dae17f75026d108641ff6aabb_AnnotatedTypeBuilder.java,1,0.0,,,,,2.0,0.0,0.0,0.0,,,,,0.0,0.0,0.0,28.0,,,,,0.0,0.0,0.0,2.0,0.0,0.0,0.0,4.0,1.0,0.0,0.0,28.0
1fc4011e66acaf6efb60411d357b4f3ee6e12d2c_AnnotationInstanceProvider.java,1,0.0,,,,,,,,,,,,,0.0,0.0,0.0,3.0,,,,,,,,,0.0,0.0,0.0,3.0,0.0,0.0,0.0,7.0
447b50f17c5b1aff29b746f9110194977707067c_ReflectionUtils.java,1,0.0,,,,,,,,,,,,,,,,,,,,,,,,,,,,,,,,
447b50f17c5b1aff29b746f9110194977707067c_AnnotationBuilder.java,1,0.0,,,,,,,,,,,,,,,,,,,,,,,,,0.0,0.0,0.0,1.0,0.0,0.0,0.0,1.0
d1ed1336e4b06a6a13c13631627b3272ca795cfa_TransactionalInterceptorStrategy.java,1,0.0,0.0,0.0,0.0,1.0,,,,,0.0,0.0,0.0,1.0,0.0,0.0,0.0,13.0,,,,,0.0,0.0,0.0,4.0,0.0,0.0,0.0,4.0,0.0,0.0,0.0,19.0
94327565d2c558185b71473a14786e11dc26c0b6_TransactionalInterceptorStrategy.java,1,0.0,2.0,0.0,0.0,0.0,,,,,1.0,0.0,0.0,0.0,0.0,0.0,0.0,10.0,,,,,0.0,0.0,0.0,2.0,0.0,0.0,0.0,3.0,0.0,0.0,0.0,32.0
d83165d23e6633754b40d8bb7462a165f6013d6b_LocalDatabaseConfig.java,1,0.0,,,,,,,,,,,,,,,,,,,,,,,,,0.0,0.0,0.0,2.0,0.0,0.0,0.0,2.0
617bece9b867912b6e868b086f0604a13721191e_ExcludeTestProjectStageDevelopment.java,1,0.0,,,,,,,,,,,,,,,,,,,,,0.0,0.0,0.0,1.0,0.0,0.0,0.0,1.0,0.0,0.0,0.0,1.0
617bece9b867912b6e868b086f0604a13721191e_SecuredBean1.java,1,0.0,,,,,,,,,,,,,,,,,,,,,,,,,,,,,,,,
8a8878faf2c12e69ba742dff1fb803b6f7d713b2_MessageContextConfigLiteral.java,1,0.0,,,,,,,,,,,,,,,,,,,,,,,,,0.0,0.0,0.0,3.0,,,,
8a8878faf2c12e69ba742dff1fb803b6f7d713b2_DefaultExceptionEvent.java,1,0.0,,,,,,,,,0.0,0.0,0.0,1.0,,,,,,,,,,,,,0.0,0.0,0.0,12.0,0.0,0.0,0.0,1.0
8a8878faf2c12e69ba742dff1fb803b6f7d713b2_HandlerMethodImpl.java,1,1.0,,,,,,,,,,,,,0.0,0.0,0.0,8.0,,,,,0.0,0.0,0.0,5.0,0.0,0.0,0.0,11.0,6.0,0.0,0.0,0.0
8a8878faf2c12e69ba742dff1fb803b6f7d713b2_ExcludeExtension.java,1,0.0,,,,,,,,,,,,,,,,,,,,,0.0,0.0,0.0,1.0,0.0,0.0,0.0,1.0,0.0,0.0,0.0,4.0
8a8878faf2c12e69ba742dff1fb803b6f7d713b2_UnmodifiableMessageContextConfig.java,1,0.0,,,,,,,,,,,,,,,,,,,,,,,,,0.0,0.0,0.0,1.0,,,,
8a8878faf2c12e69ba742dff1fb803b6f7d713b2_TestEntityManagerProducer.java,1,0.0,,,,,,,,,,,,,0.0,0.0,0.0,1.0,,,,,0.0,0.0,0.0,1.0,0.0,0.0,0.0,2.0,0.0,0.0,0.0,1.0
8a8878faf2c12e69ba742dff1fb803b6f7d713b2_FirstLevelTransactionBean.java,1,0.0,,,,,,,,,,,,,,,,,,,,,0.0,0.0,0.0,1.0,0.0,0.0,0.0,1.0,,,,
8a8878faf2c12e69ba742dff1fb803b6f7d713b2_DefaultLoginCredential.java,1,0.0,,,,,,,,,0.0,0.0,0.0,1.0,0.0,0.0,0.0,3.0,,,,,,,,,0.0,0.0,0.0,2.0,,,,
ccf787553b4a4336d6a96685d27c895bfb1e28b6_SubBaseBean1.java,1,0.0,,,,,,,,,,,,,,,,,,,,,,,,,,,,,,,,
ccf787553b4a4336d6a96685d27c895bfb1e28b6_ShrinkWrapArchiveUtil.java,1,0.0,,,,,,,,,,,,,0.0,0.0,0.0,4.0,,,,,0.0,0.0,0.0,1.0,0.0,0.0,0.0,1.0,0.0,0.0,0.0,9.0
a0336670eb0a207c695a5c8bcb0cd200b0602b59_AnnotatedFieldImpl.java,1,0.0,,,,,,,,,,,,,,,,,,,,,,,,,,,,,,,,
a0336670eb0a207c695a5c8bcb0cd200b0602b59_AnnotatedImpl.java,0,0.0,,,,,,,,,,,,,,,,,,,,,,,,,,,,,,,,
46a11c80a04856699f3eb986d5821cbf4f8222d2_ConfigProperty.java,1,0.0,,,,,,,,,,,,,,,,,,,,,,,,,,,,,,,,
7febb8b9b7235b6e1b84d42aaa64bdbeee0317da_ConfigProperty.java,1,0.0,,,,,,,,,,,,,,,,,,,,,,,,,,,,,,,,
7febb8b9b7235b6e1b84d42aaa64bdbeee0317da_CustomConfigAnnotationWithMetaDataWithCustomConverter.java,1,0.0,,,,,,,,,,,,,,,,,,,,,,,,,,,,,,,,
289250c13e67d55120e9e62dc8d3e6cc1569a97a_DefaultConfigPropertyProducer.java,0,1.0,,,,,,,,,,,,,0.0,2.0,0.0,0.0,,,,,,,,,0.0,2.0,0.0,0.0,0.0,4.0,0.0,0.0
8a3fe7196ce43c586f45b097c8fbae739ad63f86_BaseConfigPropertyProducer.java,1,1.0,,,,,,,,,,,,,0.0,0.0,0.0,3.0,,,,,1.0,0.0,0.0,1.0,0.0,0.0,0.0,2.0,2.0,0.0,0.0,7.0
8a3fe7196ce43c586f45b097c8fbae739ad63f86_SettingsBean.java,1,0.0,,,,,,,,,,,,,,,,,,,,,,,,,0.0,0.0,0.0,2.0,0.0,0.0,0.0,1.0
4279d2ba5f30d7b0e8aad94642096473262ae8cb_BeanUtils.java,0,0.0,,,,,,,,,,,,,0.0,2.0,0.0,0.0,,,,,0.0,0.0,1.0,0.0,0.0,1.0,0.0,0.0,0.0,2.0,2.0,0.0
c05c64d61f173921c9a88ab881c384bf46432a98_ConfigResolver.java,1,0.0,,,,,,,,,,,,,,,,,,,,,0.0,0.0,0.0,1.0,0.0,0.0,0.0,1.0,0.0,0.0,0.0,3.0
01d4f0cdf356f7b7159f518872dfe6d117cf3456_MessageBundleExtension.java,1,0.0,1.0,0.0,0.0,0.0,,,,,,,,,0.0,0.0,0.0,17.0,,,,,0.0,0.0,0.0,5.0,0.0,0.0,0.0,5.0,0.0,0.0,0.0,11.0
c3c612336798b91f1dc4761b890e0e3d31ba20c4_AbstractImmutableBean.java,1,0.0,,,,,,,,,,,,,,,,,,,,,,,,,,,,,,,,
c3c612336798b91f1dc4761b890e0e3d31ba20c4_WrappingBeanBuilder.java,0,0.0,,,,,,,,,0.0,1.0,0.0,0.0,,,,,,,,,0.0,9.0,0.0,0.0,0.0,19.0,0.0,0.0,0.0,22.0,0.0,0.0
306d6be460bc4a1691c5726d874411724a8f85d7_WrappingBeanBuilder.java,0,0.0,,,,,,,,,,,,,,,,,,,,,0.0,0.0,1.0,0.0,0.0,0.0,1.0,0.0,,,,
bc187acb64c3b71788e2731e389c8fd027e777ec_ImmutableBeanWrapper.java,1,0.0,,,,,,,,,,,,,,,,,,,,,,,,,,,,,,,,
562e984a42fc42daebf0ae05cdee492ed083ce9a_ExcludeTestProjectStageDevelopment.java,1,0.0,,,,,,,,,,,,,,,,,,,,,0.0,0.0,0.0,1.0,0.0,0.0,0.0,1.0,0.0,0.0,0.0,1.0
562e984a42fc42daebf0ae05cdee492ed083ce9a_TestClassDeactivation.java,1,0.0,,,,,,,,,,,,,,,,,,,,,,,,,0.0,0.0,0.0,1.0,0.0,0.0,0.0,2.0
d907379c83fee8ac3c68a08500ec2acc439a08c6_MessageBundleInvocationHandler.java,1,1.0,,,,,,,,,1.0,0.0,0.0,0.0,0.0,0.0,0.0,6.0,,,,,0.0,0.0,0.0,1.0,1.0,0.0,0.0,0.0,15.0,0.0,0.0,5.0
4cebd064256778d75dc9e94169bfcb85ccbf0805_DefaultMessageContext.java,1,0.0,,,,,,,,,,,,,,,,,,,,,,,,,,,,,,,,
43636643bb5cf887c20651898d6d82f6abbe5a78_MessageBundleInvocationHandler.java,1,0.0,,,,,,,,,,,,,1.0,0.0,0.0,0.0,,,,,0.0,0.0,0.0,1.0,0.0,0.0,0.0,1.0,,,,
43636643bb5cf887c20651898d6d82f6abbe5a78_TestConfiguration.java,1,0.0,,,,,,,,,,,,,,,,,,,,,,,,,,,,,,,,
599ddeb4eeeca60c73a6238fd91db38a54c53b30_ExcludeExtension.java,1,1.0,0.0,0.0,0.0,2.0,,,,,0.0,0.0,0.0,2.0,0.0,0.0,0.0,24.0,,,,,8.0,0.0,0.0,1.0,0.0,0.0,0.0,9.0,33.0,0.0,0.0,10.0
dcd3e23f6766a36ee19e69ef687307370a89bc42_TestClassDeactivation.java,1,0.0,,,,,,,,,,,,,,,,,,,,,,,,,0.0,0.0,0.0,1.0,0.0,0.0,0.0,2.0
e7ef5ca89c6e7acb4d8946c7ee69261d84a6aac4_HandlerMethodImpl.java,1,0.0,,,,,,,,,,,,,0.0,0.0,0.0,4.0,,,,,0.0,0.0,0.0,1.0,0.0,0.0,0.0,1.0,0.0,0.0,0.0,2.0
4370fbeb628146ef4510eab3b636a09e3db6757e_DefaultMessageBuilder.java,1,0.0,,,,,0.0,0.0,0.0,1.0,0.0,0.0,0.0,1.0,0.0,0.0,0.0,5.0,,,,,0.0,0.0,0.0,1.0,0.0,0.0,0.0,1.0,0.0,0.0,0.0,5.0
9a280f1f79cb6f079edd0a96ef5a316540cc0b03_DefaultMessageBuilder.java,1,0.0,,,,,,,,,,,,,0.0,0.0,0.0,15.0,,,,,0.0,0.0,0.0,2.0,0.0,0.0,0.0,5.0,0.0,0.0,0.0,11.0
34fc6f1d86206a50cd05fdf06f8bd0453288e567_DefaultMessageContext.java,1,0.0,,,,,,,,,,,,,,,,,,,,,,,,,0.0,0.0,0.0,2.0,0.0,0.0,0.0,1.0
34fc6f1d86206a50cd05fdf06f8bd0453288e567_DefaultMessageResolver.java,1,0.0,,,,,,,,,,,,,0.0,0.0,0.0,2.0,,,,,0.0,0.0,0.0,1.0,0.0,0.0,0.0,1.0,0.0,0.0,0.0,7.0
34fc6f1d86206a50cd05fdf06f8bd0453288e567_TestMessageResolver.java,1,0.0,,,,,,,,,,,,,0.0,0.0,0.0,1.0,,,,,0.0,0.0,0.0,1.0,0.0,0.0,0.0,1.0,0.0,0.0,0.0,4.0
d4db089160f1699c785ffa87d452dd9daee1b33a_MessageContextConfig.java,1,0.0,,,,,,,,,,,,,,,,,,,,,,,,,,,,,,,,
d4db089160f1699c785ffa87d452dd9daee1b33a_DefaultMessageResolver.java,1,0.0,,,,,0.0,0.0,0.0,1.0,,,,,0.0,0.0,0.0,3.0,,,,,0.0,0.0,0.0,1.0,0.0,0.0,0.0,1.0,0.0,0.0,0.0,9.0
78f67ac3661923d8925171be718f226f37ddc8a5_MessageContext.java,1,0.0,,,,,,,,,,,,,,,,,,,,,,,,,,,,,,,,
78f67ac3661923d8925171be718f226f37ddc8a5_DefaultMessageContext.java,0,1.0,,,,,,,,,,,,,,,,,,,,,0.0,1.0,0.0,0.0,0.0,2.0,0.0,0.0,0.0,1.0,0.0,0.0
78f67ac3661923d8925171be718f226f37ddc8a5_MessageBundleInvocationHandler.java,1,0.0,,,,,,,,,,,,,3.0,0.0,0.0,2.0,,,,,2.0,0.0,0.0,0.0,0.0,0.0,0.0,2.0,9.0,0.0,0.0,6.0
78f67ac3661923d8925171be718f226f37ddc8a5_CustomMinimalMessages.java,1,0.0,,,,,,,,,,,,,,,,,,,,,,,,,,,,,,,,
1d09e789c422661ba232d9ea9bc0397f3fadb499_ExcludeTestProjectStageDevelopment.java,1,0.0,,,,,,,,,,,,,,,,,,,,,0.0,0.0,0.0,1.0,0.0,0.0,0.0,1.0,0.0,0.0,0.0,1.0
6055b4255b5353424a53776f1748949ff021cd48_MessageInterpolator.java,1,0.0,,,,,,,,,,,,,,,,,,,,,,,,,,,,,,,,
6055b4255b5353424a53776f1748949ff021cd48_DefaultMessageInterpolator.java,1,0.0,,,,,,,,,,,,,0.0,0.0,0.0,3.0,,,,,,,,,0.0,0.0,0.0,1.0,0.0,0.0,0.0,3.0
1945a740b34f4ce672abdc8011b04427c8282c59_DefaultMessage.java,1,0.0,,,,,,,,,,,,,0.0,0.0,0.0,6.0,,,,,0.0,0.0,0.0,1.0,0.0,0.0,0.0,1.0,0.0,0.0,0.0,2.0
1945a740b34f4ce672abdc8011b04427c8282c59_DefaultMessageContext.java,0,0.0,,,,,,,,,,,,,,,,,,,,,0.0,0.0,1.0,0.0,0.0,0.0,2.0,0.0,0.0,0.0,3.0,0.0
0a7f07924584eddaecdd92df532d025f40baf083_TestConfigSourceProvider.java,1,0.0,,,,,,,,,,,,,,,,,,,,,0.0,0.0,0.0,2.0,0.0,0.0,0.0,7.0,0.0,0.0,0.0,2.0
82dd3db3e39ab8fa6345f1c39e744794b8e8a5e0_CustomConfigPropertyProducer.java,1,0.0,,,,,,,,,,,,,,,,,,,,,,,,,0.0,0.0,0.0,1.0,0.0,0.0,0.0,2.0
82dd3db3e39ab8fa6345f1c39e744794b8e8a5e0_SettingsBean.java,1,0.0,,,,,,,,,,,,,,,,,,,,,,,,,0.0,0.0,0.0,1.0,,,,
300559280d950e2fbb385a11bdee0f952efb85b5_EnvironmentPropertyConfigSourceProvider.java,0,0.0,,,,,,,,,,,,,,,,,,,,,,,,,,,,,,,,
c14bf5052b276e58dd5fd0bf8c6dd582828b4d58_EnvironmentPropertyConfigSourceProvider.java,1,0.0,,,,,,,,,,,,,,,,,,,,,,,,,,,,,,,,
c14bf5052b276e58dd5fd0bf8c6dd582828b4d58_CustomPropertyFileConfig.java,1,0.0,,,,,,,,,,,,,,,,,,,,,,,,,0.0,0.0,0.0,1.0,,,,
45712e0c7486efaf48605271a66426163bea84a7_ImmutableBeanWrapper.java,1,0.0,,,,,,,,,,,,,,,,,,,,,,,,,,,,,,,,
ac32cc4ad2eb6c5220b560c3ea66a8baa6156965_ImmutableBeanWrapper.java,1,0.0,,,,,,,,,,,,,,,,,,,,,,,,,,,,,,,,
ac32cc4ad2eb6c5220b560c3ea66a8baa6156965_ImmutableInjectionPoint.java,1,0.0,,,,,,,,,,,,,,,,,,,,,,,,,,,,,,,,
6312fcfdfa3df57c8f2cc01f397b0e8d3b43e538_Role.java,1,0.0,,,,,,,,,,,,,,,,,,,,,,,,,,,,,,,,
daf6893daadd893396afae679414463ec83eaf23_Role.java,1,0.0,,,,,,,,,,,,,,,,,,,,,,,,,,,,,,,,
daf6893daadd893396afae679414463ec83eaf23_User.java,1,0.0,,,,,,,,,,,,,,,,,,,,,,,,,,,,,,,,
6f27b785efee78be81b2a78621ce02b98639f1eb_RoleQuery.java,1,0.0,,,,,,,,,,,,,,,,,,,,,,,,,,,,,,,,
7fbb5d7602965a3fb5ea9090df7a307732bcf80a_PostLoggedOutEvent.java,1,0.0,,,,,,,,,,,,,,,,,,,,,,,,,,,,,,,,
7fbb5d7602965a3fb5ea9090df7a307732bcf80a_Range.java,1,0.0,,,,,,,,,,,,,,,,,,,,,,,,,0.0,0.0,0.0,5.0,0.0,0.0,0.0,2.0
7fbb5d7602965a3fb5ea9090df7a307732bcf80a_PermissionManager.java,1,0.0,,,,,,,,,,,,,,,,,,,,,,,,,,,,,,,,
7fbb5d7602965a3fb5ea9090df7a307732bcf80a_Authenticator.java,1,0.0,,,,,,,,,,,,,,,,,,,,,,,,,,,,,,,,
7fbb5d7602965a3fb5ea9090df7a307732bcf80a_BaseAuthenticator.java,1,0.0,,,,,,,,,,,,,,,,,,,,,,,,,,,,,,,,
426e37241fa55a6d916165034fff9baf32023c59_ACLStore.java,1,0.0,,,,,,,,,,,,,,,,,,,,,,,,,,,,,,,,
426e37241fa55a6d916165034fff9baf32023c59_JPAPermissionStore.java,1,0.0,,,,,,,,,,,,,0.0,0.0,0.0,11.0,,,,,0.0,0.0,0.0,1.0,0.0,0.0,0.0,2.0,0.0,0.0,0.0,6.0
6acddac9e895214c5c8bf6ccba5f580d4b9eb7ef_Properties.java,1,0.0,,,,,,,,,,,,,0.0,0.0,0.0,2.0,,,,,0.0,0.0,0.0,1.0,0.0,0.0,0.0,3.0,0.0,0.0,0.0,3.0
6acddac9e895214c5c8bf6ccba5f580d4b9eb7ef_PropertyCriteria.java,1,0.0,,,,,,,,,,,,,,,,,,,,,,,,,,,,,,,,
6acddac9e895214c5c8bf6ccba5f580d4b9eb7ef_Types.java,1,0.0,,,,,,,,,,,,,,,,,,,,,0.0,0.0,0.0,2.0,0.0,0.0,0.0,2.0,0.0,0.0,0.0,2.0
6acddac9e895214c5c8bf6ccba5f580d4b9eb7ef_InMemoryUserStorage.java,1,0.0,,,,,,,,,,,,,,,,,,,,,,,,,,,,,,,,
6acddac9e895214c5c8bf6ccba5f580d4b9eb7ef_TestAuthenticator.java,1,0.0,,,,,,,,,,,,,0.0,0.0,0.0,2.0,,,,,0.0,0.0,0.0,1.0,0.0,0.0,0.0,1.0,0.0,0.0,0.0,1.0
6acddac9e895214c5c8bf6ccba5f580d4b9eb7ef_CustomSecurityBinding.java,1,0.0,,,,,,,,,,,,,,,,,,,,,,,,,,,,,,,,
6acddac9e895214c5c8bf6ccba5f580d4b9eb7ef_ArchiveUtils.java,1,0.0,,,,,,,,,,,,,,,,,,,,,,,,,,,,,,,,
93ffd3153de3feb3e36eae7db2307953800148d9_MockObject.java,1,0.0,,,,,,,,,,,,,,,,,,,,,,,,,0.0,0.0,0.0,2.0,0.0,0.0,0.0,1.0
7ff2047f86c3a0aa41d87f9ec3d1b41f328230aa_SimpleRole.java,1,0.0,,,,,,,,,,,,,,,,,,,,,,,,,,,,,,,,
7ff2047f86c3a0aa41d87f9ec3d1b41f328230aa_PermissionQuery.java,0,0.0,,,,,,,,,0.0,1.0,1.0,0.0,,,,,,,,,,,,,0.0,0.0,5.0,0.0,0.0,0.0,4.0,0.0
7ff2047f86c3a0aa41d87f9ec3d1b41f328230aa_TestAuthenticator.java,1,0.0,,,,,,,,,,,,,,,,,,,,,,,,,,,,,,,,
c627f70eb73dff46c77b82b1562f3ea941bcb54c_ResourceLocalPersistenceStrategy.java,0,0.0,0.0,2.0,0.0,0.0,,,,,0.0,1.0,0.0,0.0,0.0,8.0,0.0,0.0,,,,,0.0,1.0,0.0,0.0,0.0,1.0,0.0,0.0,0.0,23.0,2.0,0.0
9dd32110672e5d52f69f105ef335e20dfb49ea0d_TransactionStrategy.java,1,0.0,,,,,,,,,,,,,,,,,,,,,,,,,,,,,,,,
9dd32110672e5d52f69f105ef335e20dfb49ea0d_BeanManagedUserTransactionTransactionStrategy.java,1,0.0,,,,,,,,,,,,,0.0,0.0,0.0,1.0,,,,,0.0,0.0,0.0,1.0,0.0,0.0,0.0,1.0,0.0,0.0,0.0,1.0
9dd32110672e5d52f69f105ef335e20dfb49ea0d_TransactionStrategyHelper.java,1,0.0,,,,,,,,,,,,,,,,,,,,,,,,,,,,,,,,
b8bafcf7e76227d95d746bfc05892d40b4b8fb44_ConfigurationExtension.java,1,0.0,,,,,,,,,,,,,,,,,,,,,,,,,,,,,,,,
b8bafcf7e76227d95d746bfc05892d40b4b8fb44_ExceptionControlExtension.java,0,0.0,,,,,,,,,,,,,,,,,,,,,0.0,0.0,1.0,0.0,0.0,0.0,1.0,0.0,0.0,0.0,1.0,0.0
4b38f5e5680cf81999e9a08404c460df3aec39b9_EnvironmentAwareTransactionStrategy.java,1,0.0,0.0,0.0,0.0,1.0,,,,,,,,,0.0,0.0,0.0,10.0,,,,,0.0,0.0,0.0,1.0,0.0,0.0,0.0,1.0,0.0,0.0,0.0,4.0
b553192c97f755e5c41a626f13a642b87c1666c2_BeanManagedUserTransactionStrategy.java,1,1.0,,,,,,,,,,,,,0.0,0.0,0.0,1.0,,,,,0.0,0.0,0.0,2.0,0.0,0.0,0.0,4.0,0.0,0.0,0.0,5.0
0c4b0f7841e13543b37f1a4a72de821ff5efe57c_TransactionHelper.java,1,0.0,,,,,,,,,,,,,,,,,,,,,,,,,,,,,,,,
0c4b0f7841e13543b37f1a4a72de821ff5efe57c_FailedFlushTransactionalBean.java,1,0.0,,,,,,,,,,,,,,,,,,,,,,,,,,,,,,,,
0c4b0f7841e13543b37f1a4a72de821ff5efe57c_NestedTransactionBean.java,1,0.0,,,,,,,,,,,,,,,,,,,,,,,,,,,,,,,,
0c4b0f7841e13543b37f1a4a72de821ff5efe57c_FirstLevelTransactionBean.java,1,0.0,,,,,,,,,,,,,,,,,,,,,,,,,,,,,,,,
0c4b0f7841e13543b37f1a4a72de821ff5efe57c_TestEntityManagerProducer.java,1,0.0,,,,,,,,,,,,,,,,,,,,,,,,,,,,,,,,
0c4b0f7841e13543b37f1a4a72de821ff5efe57c_ManualTransactionBean.java,1,0.0,,,,,,,,,,,,,,,,,,,,,,,,,,,,,,,,
0006638cc39413b50c8e9dea11ffbb2218774a71_ContextController.java,1,0.0,,,,,0.0,0.0,0.0,1.0,0.0,0.0,0.0,1.0,0.0,0.0,0.0,1.0,,,,,0.0,0.0,0.0,1.0,0.0,0.0,0.0,1.0,0.0,0.0,0.0,13.0
b8fcf693c41475307501c42eec2c71cbbef8ae5c_BeanManagedUserTransactionStrategy.java,1,0.0,,,,,,,,,,,,,,,,,,,,,0.0,0.0,0.0,1.0,0.0,0.0,0.0,1.0,0.0,0.0,0.0,2.0
b9534c33dbc28409e0eab7546d391e3130f81273_DefaultSecurityStrategy.java,1,0.0,,,,,,,,,,,,,,,,,,,,,0.0,0.0,0.0,1.0,0.0,0.0,0.0,1.0,0.0,0.0,0.0,4.0
ec93c4cde78f2d73f756e2ba050dc965af675ccb_SecurityExtension.java,0,0.0,0.0,1.0,0.0,0.0,,,,,,,,,0.0,10.0,2.0,0.0,,,,,0.0,2.0,0.0,0.0,0.0,2.0,0.0,0.0,0.0,12.0,0.0,0.0
9e55750f43c102b8ac9b6e9a7eb80269fa3bc5f1_HandlerMethodStorageProducer.java,1,0.0,,,,,,,,,,,,,,,,,,,,,,,,,,,,,,,,
db89d66a2a540573d476236eb7d0ce32f00cb6bd_ExceptionControlExtension.java,1,0.0,,,,,,,,,,,,,,,,,,,,,0.0,0.0,0.0,1.0,0.0,0.0,0.0,1.0,0.0,0.0,0.0,6.0
b29dab06520a12cd6cc382df01d79234b406008e_ContextualInstanceInfo.java,1,0.0,,,,,,,,,,,,,,,,,,,,,,,,,0.0,0.0,0.0,2.0,0.0,0.0,0.0,2.0
6dc7ff71e4c8140824d67189534e6f58cfa52c4a_ArchiveUtils.java,1,0.0,,,,,,,,,,,,,,,,,,,,,,,,,,,,,,,,
5864a550996a7f5083f469a71a23e0a102839895_HandlerMethodImpl.java,1,1.0,,,,,,,,,,,,,0.0,0.0,0.0,12.0,,,,,0.0,0.0,0.0,3.0,0.0,0.0,0.0,5.0,0.0,0.0,0.0,11.0
a338e11aced1a1cc34d461e50714e154267c6f9c_ArchiveUtils.java,1,0.0,,,,,,,,,,,,,,,,,,,,,0.0,0.0,0.0,1.0,0.0,0.0,0.0,1.0,0.0,0.0,0.0,4.0
cd49345731dbd3e7837b5ff2d89363ba2f753f71_ArchiveUtils.java,1,0.0,,,,,,,,,,,,,,,,,,,,,0.0,0.0,0.0,1.0,0.0,0.0,0.0,1.0,0.0,0.0,0.0,4.0
279d85bb562cc3dd2b20549d037f9ef44ffdbcff_MessageBundleExtension.java,1,0.0,0.0,0.0,0.0,1.0,,,,,,,,,0.0,0.0,0.0,9.0,,,,,0.0,0.0,0.0,1.0,0.0,0.0,0.0,1.0,0.0,0.0,0.0,3.0
1b151a09c325678754ca3b0683dcd37611212275_TypedMessageBundleProducer.java,1,0.0,,,,,,,,,,,,,,,,,,,,,,,,,0.0,0.0,0.0,1.0,0.0,0.0,0.0,1.0
ab3e38bf0c5f38186e325b1205edf6b94ceb73ce_JsfMessage.java,1,0.0,,,,,,,,,,,,,,,,,,,,,,,,,,,,,,,,
497c7441ad1370b383d3c00c614d32dec4ef1952_ViewScopedBackingBean.java,1,0.0,,,,,,,,,,,,,,,,,,,,,,,,,,,,,,,,
649a65fae047377bf52978ef47f3d50020f1c048_JsfMessageProducer.java,1,0.0,,,,,,,,,,,,,,,,,,,,,,,,,,,,,,,,
21c2b30c8708baa22978997d47cac2971ee8f561_ViewConfigExtension.java,1,0.0,,,,,,,,,,,,,,,,,,,,,,,,,0.0,0.0,0.0,3.0,,,,
046059d3fa43451475e0602e24987b2b7dfe629f_ViewConfigExtension.java,1,0.0,,,,,,,,,1.0,0.0,0.0,0.0,0.0,0.0,0.0,12.0,,,,,0.0,0.0,0.0,7.0,0.0,0.0,0.0,7.0,0.0,0.0,0.0,26.0
046059d3fa43451475e0602e24987b2b7dfe629f_SimplePageConfig.java,1,0.0,,,,,,,,,,,,,,,,,,,,,,,,,,,,,,,,
50b57e377f5fc17b85dfb6df1f641d650dc21e94_DefaultViewConfigResolver.java,1,0.0,,,,,,,,,,,,,0.0,0.0,0.0,3.0,,,,,0.0,0.0,0.0,2.0,0.0,0.0,0.0,2.0,0.0,0.0,0.0,4.0
c556f1fbabca3faedb55f3e05531d2ca9daa517a_DummyBean.java,1,0.0,,,,,,,,,,,,,,,,,,,,,,,,,,,,,,,,
c556f1fbabca3faedb55f3e05531d2ca9daa517a_DummyContext.java,1,0.0,,,,,,,,,,,,,,,,,,,,,,,,,,,,,,,,
c556f1fbabca3faedb55f3e05531d2ca9daa517a_DummyScopeExtension.java,1,0.0,,,,,,,,,,,,,,,,,,,,,,,,,,,,,,,,
302f1ef4ac02ecd9eafb835bed2da34395743834_SecurityExtension.java,1,0.0,0.0,0.0,0.0,1.0,,,,,,,,,,,,,,,,,0.0,0.0,0.0,1.0,0.0,0.0,0.0,1.0,0.0,0.0,0.0,9.0
302f1ef4ac02ecd9eafb835bed2da34395743834_SecurityMetaDataStorage.java,1,0.0,0.0,0.0,0.0,1.0,0.0,0.0,0.0,2.0,0.0,0.0,0.0,1.0,0.0,0.0,0.0,16.0,,,,,0.0,0.0,0.0,1.0,0.0,0.0,0.0,1.0,0.0,0.0,0.0,18.0
837dd84bcfcd1a8e438b5c21eec2a62ab1bc36e3_SecurityMetaDataStorage.java,1,0.0,0.0,0.0,0.0,1.0,0.0,0.0,0.0,1.0,,,,,0.0,0.0,0.0,16.0,,,,,0.0,0.0,0.0,4.0,0.0,0.0,0.0,6.0,0.0,0.0,0.0,18.0
837dd84bcfcd1a8e438b5c21eec2a62ab1bc36e3_SecurityUtils.java,0,1.0,,,,,0.0,1.0,0.0,0.0,0.0,1.0,0.0,0.0,,,,,,,,,0.0,1.0,0.0,0.0,0.0,1.0,0.0,0.0,0.0,6.0,0.0,0.0
bf4acef3fa66a3cf403e2a70ca5d9c35f60e09ee_DynamicMBeanWrapper.java,1,0.0,,,,,,,,,,,,,,,,,,,,,,,,,,,,,,,,
bf4acef3fa66a3cf403e2a70ca5d9c35f60e09ee_MBeanExtension.java,1,1.0,,,,,,,,,,,,,3.0,0.0,0.0,0.0,,,,,3.0,0.0,0.0,0.0,3.0,0.0,0.0,0.0,7.0,0.0,0.0,0.0
0a742231ed2a5d8b70bfa9928cf6d3b7fd5418ca_MBean.java,1,0.0,,,,,,,,,,,,,,,,,,,,,,,,,,,,,,,,
0a742231ed2a5d8b70bfa9928cf6d3b7fd5418ca_ManagedAttribute.java,1,0.0,,,,,,,,,,,,,,,,,,,,,,,,,,,,,,,,
0a742231ed2a5d8b70bfa9928cf6d3b7fd5418ca_DynamicMBeanWrapper.java,1,0.0,,,,,,,,,,,,,,,,,,,,,,,,,,,,,,,,
ae6b1771071426cdfbf805b7edb54d3f90f7e06c_DynamicMBeanWrapper.java,1,1.0,,,,,,,,,,,,,0.0,0.0,0.0,17.0,,,,,0.0,0.0,0.0,3.0,0.0,0.0,0.0,3.0,0.0,0.0,0.0,13.0
345923e83598ce5ec23eb463e7e8c626f42109b5_JmxManaged.java,1,0.0,,,,,,,,,,,,,,,,,,,,,,,,,,,,,,,,
345923e83598ce5ec23eb463e7e8c626f42109b5_MBean.java,1,0.0,,,,,,,,,,,,,,,,,,,,,,,,,,,,,,,,
089973fbbf5a9aafdf41d4dadfb4b93b45fba7cf_DynamicMBeanWrapper.java,1,0.0,,,,,,,,,,,,,,,,,,,,,,,,,,,,,,,,
13f72a5ce74181b67fa6c55d2144cfa256d06a3f_BroadcasterProducer.java,1,0.0,,,,,,,,,,,,,0.0,0.0,0.0,6.0,,,,,0.0,0.0,0.0,1.0,0.0,0.0,0.0,1.0,0.0,0.0,0.0,3.0
50ac0fe5fabcf6e06929cd3272743f661ff3be10_HandlerMethodImpl.java,1,0.0,,,,,,,,,,,,,0.0,0.0,0.0,13.0,,,,,,,,,0.0,0.0,0.0,2.0,,,,
7e0f7d8fccba97d0e44d3dbe68b134eb6c7442c0_Authorizer.java,0,1.0,0.0,0.0,1.0,0.0,,,,,,,,,0.0,0.0,6.0,0.0,,,,,0.0,3.0,0.0,0.0,0.0,5.0,0.0,0.0,0.0,19.0,0.0,0.0
7e0f7d8fccba97d0e44d3dbe68b134eb6c7442c0_SecurityMetaDataStorage.java,1,0.0,0.0,0.0,0.0,1.0,1.0,0.0,0.0,0.0,,,,,0.0,0.0,0.0,16.0,,,,,0.0,0.0,0.0,1.0,0.0,0.0,0.0,1.0,0.0,0.0,0.0,14.0
7e0f7d8fccba97d0e44d3dbe68b134eb6c7442c0_SecuredBean1.java,1,0.0,,,,,,,,,,,,,,,,,,,,,,,,,0.0,0.0,0.0,3.0,0.0,0.0,0.0,3.0
b04774ecf350d2234a725c75cb3fd65068723b38_JsfUtils.java,0,1.0,0.0,1.0,0.0,0.0,,,,,,,,,0.0,12.0,0.0,0.0,,,,,0.0,3.0,0.0,0.0,0.0,4.0,0.0,0.0,0.0,15.0,0.0,0.0
abe6bb998ceed7006451c898d62061a6c7784574_AbstractConfigNode.java,1,0.0,,,,,,,,,,,,,,,,,,,,,,,,,,,,,,,,
4f10de53ef0246f556ff8ba62ac6810d43351fa5_ReflectionUtils.java,1,1.0,,,,,,,,,,,,,2.0,0.0,0.0,0.0,,,,,0.0,0.0,0.0,1.0,1.0,0.0,0.0,0.0,5.0,0.0,0.0,2.0
4f10de53ef0246f556ff8ba62ac6810d43351fa5_Authorizer.java,1,1.0,,,,,,,,,,,,,0.0,0.0,0.0,1.0,,,,,0.0,0.0,0.0,1.0,0.0,0.0,0.0,1.0,1.0,0.0,0.0,8.0
8bd3795aa4f4372c52b259ec65d5c2b8eeaa3095_InjectableMethod.java,1,0.0,,,,,1.0,0.0,0.0,0.0,,,,,0.0,0.0,0.0,3.0,,,,,0.0,0.0,0.0,1.0,0.0,0.0,0.0,2.0,0.0,0.0,0.0,10.0
8f040adecdf109b4c416dbecf4609943776f630a_AbstractContext.java,1,0.0,,,,,,,,,,,,,,,,,,,,,,,,,,,,,,,,
7e3ac0effba0acf3a4fb573525021a5d4bcc26c5_DeltaSpikePhaseListener.java,0,0.0,,,,,,,,,,,,,0.0,4.0,0.0,0.0,,,,,0.0,2.0,0.0,0.0,0.0,2.0,0.0,0.0,0.0,2.0,0.0,0.0
7e3ac0effba0acf3a4fb573525021a5d4bcc26c5_SecurityAwareViewHandler.java,0,0.0,,,,,,,,,,,,,0.0,8.0,0.0,0.0,,,,,0.0,2.0,0.0,0.0,0.0,2.0,0.0,0.0,0.0,8.0,1.0,0.0
f97031fe8dfb4210fe3c9b920386591569a78705_Pages.java,1,0.0,,,,,,,,,,,,,,,,,,,,,,,,,,,,,,,,
b6290782fba778dc2711f05d8f1b7faa33e0678d_Pages.java,1,0.0,,,,,,,,,,,,,,,,,,,,,,,,,,,,,,,,
b6290782fba778dc2711f05d8f1b7faa33e0678d_PageConfigForRedirect.java,1,0.0,,,,,,,,,,,,,,,,,,,,,,,,,,,,,,,,
b6290782fba778dc2711f05d8f1b7faa33e0678d_PageBean007.java,1,0.0,,,,,,,,,,,,,,,,,,,,,,,,,0.0,0.0,0.0,1.0,,,,
4da21c55226d58ff6d6c89ea19715a1459d3a332_ViewControllerBean.java,1,0.0,,,,,,,,,,,,,,,,,,,,,,,,,,,,,,,,
4da21c55226d58ff6d6c89ea19715a1459d3a332_SimplePageConfig.java,1,0.0,,,,,,,,,,,,,,,,,,,,,,,,,,,,,,,,
e4e85d3facf1633ea6a058d186dfbcf75f3e3a07_TestEntityManager.java,1,0.0,,,,,,,,,,,,,,,,,,,,,,,,,0.0,0.0,0.0,2.0,,,,
4f8fa5ff72b1ae2ef4a5c2e4be4f9c8f749da9bb_PersistenceUnitName.java,1,0.0,,,,,,,,,,,,,,,,,,,,,,,,,,,,,,,,
40aa7b628bdc0237603f2282430947a49e515862_PersistenceUnitName.java,1,0.0,,,,,,,,,,,,,,,,,,,,,,,,,,,,,,,,
40aa7b628bdc0237603f2282430947a49e515862_EntityManagerFactoryProducer.java,1,0.0,,,,,,,,,,,,,,,,,,,,,,,,,,,,,,,,
e97ee923377b72560cf7e60d39bc8b854c346874_PartialBeanLifecycle.java,1,0.0,,,,,,,,,,,,,1.0,0.0,0.0,5.0,,,,,0.0,0.0,0.0,3.0,0.0,0.0,0.0,3.0,0.0,0.0,0.0,15.0
d860a471e7ebbfbfd89815dd26ccb96944d61dd3_Transactional.java,1,0.0,,,,,,,,,,,,,,,,,,,,,,,,,,,,,,,,
4b7e364941d2f900889020a19efe3fd77812c821_LocalJndiConfigSource.java,1,0.0,,,,,,,,,,,,,0.0,0.0,0.0,1.0,,,,,0.0,0.0,0.0,3.0,0.0,0.0,0.0,3.0,2.0,0.0,0.0,2.0
4b7e364941d2f900889020a19efe3fd77812c821_PropertyFileConfigSource.java,1,0.0,,,,,,,,,,,,,,,,,,,,,,,,,,,,,,,,
4b7e364941d2f900889020a19efe3fd77812c821_SystemPropertyConfigSource.java,1,0.0,,,,,,,,,,,,,,,,,,,,,,,,,,,,,,,,
46879b6bea4a3042794fd651f9ed72dbeadf6e79_SecurityUtils.java,1,0.0,,,,,,,,,,,,,0.0,0.0,0.0,1.0,,,,,0.0,0.0,0.0,1.0,0.0,0.0,0.0,1.0,0.0,0.0,0.0,9.0
46879b6bea4a3042794fd651f9ed72dbeadf6e79_TestSecured.java,1,0.0,,,,,,,,,,,,,,,,,,,,,0.0,0.0,0.0,1.0,0.0,0.0,0.0,1.0,0.0,0.0,0.0,3.0
d511f23375ac02ff767cc634808ac6080edba7ed_PartialBeanLifecycle.java,1,0.0,,,,,,,,,,,,,0.0,0.0,0.0,2.0,,,,,0.0,0.0,0.0,1.0,0.0,0.0,0.0,1.0,0.0,0.0,0.0,3.0
6827414602c2a0598b97198351745408947b5870_TestConfigSourceProvider.java,1,0.0,,,,,,,,,,,,,,,,,,,,,,,,,0.0,0.0,0.0,2.0,,,,
82be1a295a33fdea4ee43d0178d0d778e14356c7_PartialBeanBinding.java,1,0.0,,,,,,,,,,,,,,,,,,,,,,,,,,,,,,,,
82be1a295a33fdea4ee43d0178d0d778e14356c7_PartialBeanBindingExtension.java,0,1.0,,,,,,,,,,,,,0.0,14.0,0.0,0.0,,,,,0.0,3.0,0.0,0.0,0.0,3.0,0.0,0.0,0.0,7.0,0.0,0.0
82be1a295a33fdea4ee43d0178d0d778e14356c7_CustomInterceptorImpl.java,1,0.0,,,,,,,,,,,,,,,,,,,,,,,,,,,,,,,,
82be1a295a33fdea4ee43d0178d0d778e14356c7_PartialBean.java,1,0.0,,,,,,,,,,,,,,,,,,,,,,,,,,,,,,,,
ae8e604436ac52b99a5fbacfce93da1186445b2f_OpenEjbContainerControl.java,1,0.0,,,,,,,,,,,,,,,,,,,,,,,,,0.0,0.0,0.0,1.0,0.0,0.0,0.0,1.0
ee250aae7af4377727aeda821ba480bd780c34fe_ViewConfigExtension.java,1,0.0,,,,,,,,,,,,,0.0,0.0,0.0,3.0,,,,,0.0,0.0,0.0,2.0,0.0,0.0,0.0,2.0,0.0,0.0,0.0,6.0
ee250aae7af4377727aeda821ba480bd780c34fe_SimplePageConfig.java,1,0.0,,,,,,,,,,,,,,,,,,,,,,,,,,,,,,,,
e696bd7619970d1c2747b45217866a870ab5848a_ViewNavigationHandler.java,1,0.0,,,,,,,,,,,,,,,,,,,,,,,,,,,,,,,,
e696bd7619970d1c2747b45217866a870ab5848a_PreViewConfigNavigateEvent.java,1,0.0,,,,,,,,,,,,,,,,,,,,,,,,,,,,,,,,
e696bd7619970d1c2747b45217866a870ab5848a_DefaultNavigationParameterContext.java,1,0.0,,,,,,,,,,,,,,,,,,,,,,,,,,,,,,,,
e696bd7619970d1c2747b45217866a870ab5848a_Pages.java,1,0.0,,,,,,,,,,,,,,,,,,,,,,,,,,,,,,,,
7061f8f1b07fc6b163c26b0e878b3837a79fb6e7_DefaultNavigationParameterContext.java,1,0.0,,,,,,,,,,,,,,,,,,,,,,,,,,,,,,,,
7061f8f1b07fc6b163c26b0e878b3837a79fb6e7_DefaultViewNavigationHandler.java,1,0.0,,,,,,,,,,,,,,,,,,,,,,,,,,,,,,,,
232063dba093f27c6d4a8649f6b3345bb7c4f8f5_ViewConfigResolver.java,1,0.0,,,,,,,,,,,,,,,,,,,,,,,,,,,,,,,,
73b2664c62e35e0dad848cb7f0dafe9bc7d7d1fa_AbstractPathConfigDescriptor.java,1,0.0,,,,,,,,,,,,,,,,,,,,,,,,,0.0,0.0,0.0,1.0,,,,
eaff4f850a33744910a7698eb0414c2f7fad8c9e_CustomConfigAnnotationWithMetaData.java,1,0.0,,,,,,,,,,,,,,,,,,,,,,,,,,,,,,,,
eaff4f850a33744910a7698eb0414c2f7fad8c9e_Property2.java,1,0.0,,,,,,,,,,,,,,,,,,,,,,,,,,,,,,,,
6d91d1fdae0709f33a53395059a275fc30326ef0_View.java,1,0.0,,,,,,,,,,,,,,,,,,,,,,,,,,,,,,,,
6d91d1fdae0709f33a53395059a275fc30326ef0_AbstractPathConfigDescriptor.java,1,0.0,,,,,,,,,,,,,,,,,,,,,,,,,,,,,,,,
6d91d1fdae0709f33a53395059a275fc30326ef0_TestEntryPoint.java,1,0.0,,,,,,,,,,,,,,,,,,,,,,,,,,,,,,,,
6d91d1fdae0709f33a53395059a275fc30326ef0_AccessDecisionVoter.java,1,0.0,,,,,,,,,,,,,,,,,,,,,,,,,,,,,,,,
51d064e8c96063993925961aaf8f902ba1b4e433_HandlerMethodImpl.java,1,0.0,,,,,,,,,,,,,,,,,,,,,,,,,,,,,,,,
51d064e8c96063993925961aaf8f902ba1b4e433_ExceptionHandledHandler.java,1,0.0,,,,,,,,,,,,,,,,,,,,,,,,,,,,,,,,
fa8ff54eecebf679898e242ab643a38d118bc27b_CustomExpressionBasedNoBean.java,1,0.0,,,,,,,,,,,,,,,,,,,,,,,,,,,,,,,,
fa8ff54eecebf679898e242ab643a38d118bc27b_DevBean.java,1,0.0,,,,,,,,,,,,,,,,,,,,,,,,,,,,,,,,
fa8ff54eecebf679898e242ab643a38d118bc27b_NoBean.java,1,0.0,,,,,,,,,,,,,,,,,,,,,,,,,,,,,,,,
a2bebb4f856056a21d8b1495ae3cc484039633f8_NotificationInfo.java,1,0.0,,,,,,,,,,,,,,,,,,,,,,,,,,,,,,,,
9788220c0224ae3e0a617a6895464a43f066651a_TestMessages.java,1,0.0,,,,,,,,,,,,,,,,,,,,,,,,,,,,,,,,
9788220c0224ae3e0a617a6895464a43f066651a_MessageWithLocale.java,1,0.0,,,,,,,,,,,,,,,,,,,,,,,,,,,,,,,,
9788220c0224ae3e0a617a6895464a43f066651a_ApplicationMessages.java,1,0.0,,,,,,,,,,,,,,,,,,,,,,,,,,,,,,,,
9788220c0224ae3e0a617a6895464a43f066651a_CustomizedMessages.java,1,0.0,,,,,,,,,,,,,,,,,,,,,,,,,,,,,,,,
47ae05662a0efb0de909f893d4478ee50d3ab9a5_SecurityParameterBinding.java,1,0.0,,,,,,,,,,,,,,,,,,,,,,,,,,,,,,,,
47ae05662a0efb0de909f893d4478ee50d3ab9a5_SecuredAnnotationAuthorizer.java,1,0.0,,,,,,,,,,,,,,,,,,,,,,,,,,,,,,,,
47ae05662a0efb0de909f893d4478ee50d3ab9a5_SecurityUtils.java,1,0.0,,,,,,,,,,,,,,,,,,,,,,,,,,,,,,,,
47ae05662a0efb0de909f893d4478ee50d3ab9a5_CustomAuthorizer.java,1,0.0,,,,,,,,,,,,,,,,,,,,,,,,,,,,,,,,
47ae05662a0efb0de909f893d4478ee50d3ab9a5_CustomSecurityBinding.java,1,0.0,,,,,,,,,,,,,,,,,,,,,,,,,,,,,,,,
9f5e1dc2385a6723fd160442cfa5f58aea611e61_ViewRef.java,1,0.0,,,,,,,,,,,,,0.0,0.0,0.0,1.0,,,,,0.0,0.0,0.0,1.0,0.0,0.0,0.0,2.0,0.0,0.0,0.0,5.0
9f5e1dc2385a6723fd160442cfa5f58aea611e61_PreViewAction.java,1,0.0,,,,,,,,,,,,,,,,,,,,,,,,,,,,,,,,
9f5e1dc2385a6723fd160442cfa5f58aea611e61_SimplePageConfig.java,1,0.0,,,,,,,,,,,,,,,,,,,,,,,,,,,,,,,,
f9fdb6db4945ccf20ce056399ccfa07a8d46e14b_WindowIdHolder.java,1,0.0,,,,,,,,,,,,,,,,,,,,,,,,,,,,,,,,
2f2fada8a7b3d30e25b46ad00d247d09a7c9d04f_ViewConfigExtension.java,1,0.0,,,,,,,,,,,,,1.0,0.0,0.0,6.0,,,,,0.0,0.0,0.0,3.0,0.0,0.0,0.0,3.0,0.0,0.0,0.0,11.0
2025778cb2e9680ff2d1fe4a6f5f83627c0a096d_ViewConfigExtension.java,1,0.0,,,,,,,,,,,,,0.0,0.0,0.0,10.0,,,,,0.0,0.0,0.0,4.0,0.0,0.0,0.0,4.0,0.0,0.0,0.0,12.0
574ff459a433c3c7bfcb975f91350504feee5f42_ViewConfigAwareNavigationHandler.java,0,0.0,,,,,,,,,,,,,0.0,0.0,1.0,0.0,,,,,0.0,0.0,1.0,0.0,0.0,0.0,1.0,0.0,0.0,0.0,5.0,0.0
34d6a1696206e011e698fd74c2b75bc968c9384d_WindowIdHolder.java,1,0.0,,,,,,,,,,,,,,,,,,,,,,,,,,,,,,,,
30661b0551940cf7e40b3db2dd3263b3d8b23c2a_DefaultClientWindowConfig.java,1,0.0,,,,,,,,,,,,,,,,,,,,,,,,,,,,,,,,
45770596d64be289e202339bbc02ebb22aed3758_WindowBeanHolder.java,1,0.0,,,,,,,,,,,,,,,,,,,,,,,,,0.0,0.0,0.0,1.0,,,,
45770596d64be289e202339bbc02ebb22aed3758_DeltaSpikeLifecycleWrapper.java,0,0.0,,,,,,,,,,,,,0.0,3.0,0.0,0.0,,,,,0.0,3.0,0.0,0.0,0.0,3.0,0.0,0.0,0.0,2.0,1.0,0.0
85a7fdeed44e13ae4383b8ff0e5cc6d2c2af9bc9_DeltaSpikeNavigationHandler.java,0,0.0,,,,,,,,,,,,,0.0,1.0,0.0,0.0,,,,,0.0,1.0,0.0,0.0,0.0,2.0,0.0,0.0,0.0,1.0,1.0,0.0
56667519077805eae5e1c1958091c50d67dc264e_WindowMetaData.java,1,0.0,,,,,,,,,,,,,,,,,,,,,,,,,0.0,0.0,0.0,2.0,0.0,0.0,0.0,1.0
56667519077805eae5e1c1958091c50d67dc264e_JsfUtils.java,1,1.0,,,,,,,,,,,,,0.0,0.0,0.0,2.0,,,,,0.0,0.0,0.0,2.0,0.0,0.0,0.0,2.0,1.0,0.0,0.0,11.0
aded57f8faa5c23934839ac6b44e1376ea99c07b_DefaultClientWindow.java,0,0.0,0.0,1.0,0.0,0.0,,,,,,,,,0.0,3.0,0.0,0.0,,,,,0.0,0.0,1.0,0.0,0.0,3.0,0.0,0.0,0.0,4.0,3.0,0.0
264a3daae9be59e35a0d414f773f3fa70303d1bc_JsfModuleConfig.java,1,0.0,,,,,,,,,,,,,,,,,,,,,,,,,,,,,,,,
7a86ca020768bb6a468aa755741a152c33bbc7c1_DefaultViewConfigInheritanceStrategy.java,1,0.0,,,,,1.0,0.0,0.0,0.0,0.0,0.0,0.0,1.0,2.0,0.0,0.0,0.0,,,,,2.0,0.0,0.0,0.0,2.0,0.0,0.0,0.0,8.0,0.0,0.0,3.0
7a86ca020768bb6a468aa755741a152c33bbc7c1_TestFacesRedirect.java,1,0.0,,,,,,,,,,,,,,,,,,,,,,,,,,,,,,,,
d3d26f8dee03e96fc21722bdbb3c501d97ba6317_DefaultViewConfigResolver.java,1,0.0,,,,,,,,,,,,,,,,,,,,,,,,,,,,,,,,
e56f26140787fbe76b3c155c0248558287370e2c_ExcludeExtension.java,0,0.0,0.0,0.0,1.0,0.0,,,,,0.0,1.0,0.0,0.0,0.0,12.0,0.0,0.0,,,,,0.0,3.0,0.0,0.0,0.0,3.0,0.0,0.0,0.0,22.0,0.0,0.0
b2394cb03e390075aa92b65f8b0f4247b27ecd32_LocalJndiConfigSource.java,1,0.0,,,,,,,,,,,,,,,,,,,,,,,,,0.0,0.0,0.0,1.0,,,,
cab0ba0e3b8f5df46cd035e92a7d232edfc5625e_ServletEventBridgeFilter.java,1,0.0,,,,,,,,,,,,,,,,,,,,,0.0,0.0,0.0,1.0,0.0,0.0,0.0,1.0,0.0,0.0,0.0,3.0
9fc325a6422fb0e24ea29af40b18afa4a4affcd1_ServletEventBridgeListener.java,1,0.0,,,,,,,,,,,,,,,,,,,,,0.0,0.0,0.0,2.0,0.0,0.0,0.0,2.0,0.0,0.0,0.0,2.0
9fc325a6422fb0e24ea29af40b18afa4a4affcd1_ServletObjectProducer.java,1,0.0,,,,,,,,,,,,,,,,,,,,,,,,,0.0,0.0,0.0,1.0,,,,
7df63a86762f9f0688a1d9699ccaae5612bfd11a_ServletObjectProducer.java,1,0.0,,,,,,,,,,,,,,,,,,,,,,,,,,,,,,,,
01b87451db42627e908f3f9c900aba9a7620f891_PropertyFileUtils.java,1,0.0,,,,,,,,,,,,,,,,,,,,,,,,,0.0,0.0,0.0,2.0,0.0,0.0,0.0,3.0
2f322a0e8cc2324b9485e9a779a38709217f36ba_ArchiveUtils.java,1,0.0,,,,,,,,,,,,,,,,,,,,,,,,,,,,,,,,
2f322a0e8cc2324b9485e9a779a38709217f36ba_ArrayChecker.java,1,0.0,,,,,,,,,,,,,,,,,,,,,,,,,,,,,,,,
ff93d559eeed7a5b0fbcfcee95f1c5be49852bd3_DefaultConfigNodeConverter.java,0,0.0,,,,,,,,,,,,,0.0,5.0,0.0,0.0,,,,,0.0,1.0,0.0,0.0,0.0,1.0,0.0,0.0,0.0,9.0,0.0,0.0
a421be8c740645d1c09402bdf94463b4319fcec1_BeanManagerProvider.java,1,1.0,,,,,,,,,,,,,0.0,0.0,0.0,9.0,,,,,0.0,0.0,0.0,2.0,0.0,0.0,0.0,3.0,0.0,0.0,0.0,7.0
28169465dc1748c711ff16a86c000cffc14063a8_Deployments.java,1,0.0,,,,,,,,,,,,,,,,,,,,,,,,,0.0,0.0,0.0,1.0,,,,
502fecd7a66950665ee6dda1d13d1043f7d81a20_EventBridgeContextListener.java,1,0.0,,,,,,,,,,,,,,,,,,,,,0.0,0.0,0.0,2.0,0.0,0.0,0.0,2.0,0.0,0.0,0.0,2.0
502fecd7a66950665ee6dda1d13d1043f7d81a20_EventBridgeSessionListener.java,1,0.0,,,,,,,,,,,,,,,,,,,,,0.0,0.0,0.0,2.0,0.0,0.0,0.0,2.0,0.0,0.0,0.0,2.0
92c0e773d344c78808bce5ce923e3000368c68fe_DelegateQueryBuilder.java,0,0.0,,,,,,,,,,,,,0.0,3.0,0.0,0.0,,,,,0.0,4.0,0.0,0.0,0.0,6.0,0.0,0.0,0.0,22.0,0.0,0.0
92c0e773d344c78808bce5ce923e3000368c68fe_CdiQueryContextHolder.java,0,0.0,,,,,,,,,,,,,,,,,,,,,0.0,0.0,1.0,0.0,0.0,0.0,1.0,0.0,,,,
dec5d7e7e7f80e4c7d22c4e56b42d0f568f730b4_SimpleRepositoryWithEntityManagerResolver.java,1,0.0,,,,,,,,,,,,,,,,,,,,,,,,,,,,,,,,
e8148110ea2458fa2244a439583da0f2adddb482_EntityManagerLookup.java,0,0.0,,,,,,,,,,,,,,,,,,,,,0.0,0.0,1.0,0.0,0.0,2.0,0.0,0.0,0.0,3.0,2.0,0.0
38b99026b59f3a97fa9c6f495e79c9f9f417afb7_WeldContainerControl.java,1,0.0,,,,,,,,,,,,,0.0,0.0,0.0,5.0,,,,,1.0,0.0,0.0,0.0,0.0,0.0,0.0,1.0,0.0,0.0,0.0,2.0
4a3da405381406e2b3236e86a77efa92aac1d983_ClientWindowConfig.java,1,0.0,,,,,,,,,,,,,,,,,,,,,,,,,,,,,,,,
4a3da405381406e2b3236e86a77efa92aac1d983_DeltaSpikeLifecycleFactoryWrapper.java,0,0.0,,,,,,,,,,,,,,,,,,,,,0.0,1.0,0.0,0.0,0.0,1.0,0.0,0.0,0.0,4.0,0.0,0.0
2f6d6ea62dbc4fee9e765547dbd65fb267e282f7_Folder.java,0,0.0,,,,,,,,,0.0,0.0,1.0,0.0,0.0,0.0,14.0,0.0,,,,,0.0,0.0,1.0,0.0,0.0,0.0,1.0,0.0,0.0,0.0,3.0,0.0
c75adbb955a4cd8231bc63be1df81f981079f47e_DefaultQueryResult.java,1,0.0,,,,,,,,,,,,,,,,,,,,,1.0,0.0,0.0,0.0,0.0,0.0,0.0,3.0,0.0,0.0,0.0,4.0
c75adbb955a4cd8231bc63be1df81f981079f47e_QueryHandler.java,1,0.0,,,,,,,,,,,,,0.0,0.0,0.0,1.0,,,,,1.0,0.0,0.0,1.0,0.0,0.0,0.0,2.0,1.0,0.0,0.0,15.0
c75adbb955a4cd8231bc63be1df81f981079f47e_IndexedParameter.java,1,0.0,,,,,,,,,,,,,,,,,,,,,0.0,0.0,0.0,1.0,0.0,0.0,0.0,1.0,0.0,0.0,0.0,1.0
c75adbb955a4cd8231bc63be1df81f981079f47e_Simple.java,1,0.0,,,,,,,,,,,,,0.0,0.0,0.0,14.0,,,,,,,,,0.0,0.0,0.0,1.0,,,,
c75adbb955a4cd8231bc63be1df81f981079f47e_TestDeployments.java,1,0.0,,,,,,,,,,,,,,,,,,,,,,,,,0.0,0.0,0.0,1.0,,,,
f3c00d8c722e357faba4b0527499d9daa5216453_QueryProcessor.java,1,0.0,,,,,,,,,,,,,,,,,,,,,,,,,,,,,,,,
307c757ae1a18595852f01d7c50ed73311eb9364_CdiTestRunner.java,1,0.0,,,,,,,,,,,,,0.0,0.0,0.0,9.0,,,,,0.0,0.0,0.0,4.0,0.0,0.0,0.0,4.0,0.0,0.0,0.0,9.0
307c757ae1a18595852f01d7c50ed73311eb9364_TestControlLiteral.java,1,0.0,,,,,,,,,,,,,,,,,,,,,,,,,0.0,0.0,0.0,1.0,,,,
a00c7e2f6869ef9a2ea010084ed20899fc009255_ExternalContainer.java,1,0.0,,,,,,,,,,,,,,,,,,,,,,,,,,,,,,,,
fc25a17225c3b314f8e92d91ae18068d3cda8329_EventBridgeContextListener.java,1,0.0,,,,,,,,,,,,,,,,,,,,,,,,,,,,,,,,
fc149b09fdc76c3a8c394a78d2f5a2cfa282f834_ExternalResourceProducer.java,1,0.0,,,,,,,,,,,,,,,,,,,,,,,,,,,,,,,,
91f01bde5e7542c81c9351b6bdd977318410fe21_ExternalResourceProducer.java,1,0.0,,,,,,,,,,,,,,,,,,,,,,,,,,,,,,,,
7b0650b95b8fff36272553e186f0802ad0cfc636_ArchiveUtils.java,0,1.0,,,,,,,,,,,,,,,,,,,,,,,,,0.0,1.0,0.0,0.0,,,,
8acf16e6d40726d54085753c49fd9cce855e1f9b_ExcludeTestProjectStageWarFileDevelopment.java,1,0.0,,,,,,,,,,,,,,,,,,,,,,,,,,,,,,,,
7dd252cd4f984823a28816a1c81633ff15e7b00b_ExcludeTestProjectStageDevelopment.java,1,0.0,,,,,,,,,,,,,,,,,,,,,,,,,,,,,,,,
a3f626fc84a0b6bf957db3d55f47fe65d638fdea_ExternalResourceProvider.java,1,0.0,,,,,,,,,,,,,,,,,,,,,,,,,,,,,,,,
7be5529171b5bf577fcf32d823b90b96c8183ba7_StorageTypeLiteral.java,1,0.0,,,,,,,,,,,,,,,,,,,,,,,,,0.0,0.0,0.0,1.0,,,,
2c2f03be1beba381aac68e31a8e1ec4781a747b0_FileSystemStorage.java,1,0.0,,,,,,,,,,,,,,,,,,,,,,,,,,,,,,,,
2c2f03be1beba381aac68e31a8e1ec4781a747b0_StorageType.java,1,0.0,,,,,,,,,,,,,,,,,,,,,,,,,,,,,,,,
d51c210c32e2c6485a20a160dc230f4df06a5dcf_ClasspathResourceProvider.java,0,0.0,,,,,0.0,1.0,0.0,0.0,0.0,1.0,0.0,0.0,0.0,8.0,0.0,0.0,,,,,0.0,1.0,0.0,0.0,0.0,1.0,0.0,0.0,0.0,6.0,0.0,0.0
c4eb9f30cd318917fba532c93f32d3b4fc54c946_ClasspathResourceProvider.java,1,0.0,,,,,,,,,,,,,,,,,,,,,,,,,,,,,,,,
585339f89030b2c316e48546ea1f0fe279d64a54_Cdi11Bean.java,1,0.0,,,,,,,,,,,,,,,,,,,,,,,,,0.0,0.0,0.0,1.0,,,,
00ee67c491241b2c2c555f50157d5ca44a4c9c42_ExternalResource.java,1,0.0,,,,,,,,,,,,,,,,,,,,,,,,,,,,,,,,
02b78e988cd7b768655ae88f9b3b5f125396d79a_AbstractContext.java,0,0.0,,,,,,,,,,,,,0.0,0.0,3.0,0.0,,,,,0.0,2.0,1.0,0.0,0.0,0.0,3.0,0.0,0.0,0.0,9.0,0.0
fca5cbd5c43d769210a9decd94d5e7087a990679_AbstractContext.java,1,0.0,,,,,,,,,,,,,0.0,0.0,0.0,1.0,,,,,0.0,0.0,0.0,2.0,0.0,0.0,0.0,2.0,0.0,0.0,0.0,6.0
30e9e10235dd54205d362ff2e609be3b7987645f_GroupedConversationContext.java,1,0.0,,,,,,,,,,,,,,,,,,,,,,,,,0.0,0.0,0.0,1.0,0.0,0.0,0.0,3.0
1931c62976422c544c6faaa095f1a7fa4945be8d_ConversationUtils.java,1,0.0,,,,,,,,,,,,,0.0,0.0,0.0,3.0,,,,,0.0,0.0,0.0,1.0,0.0,0.0,0.0,1.0,0.0,0.0,0.0,6.0
2a8b6d0a54baf9c2acf6997c8f51d80dad5b1cfa_TestBeanZ.java,1,0.0,,,,,,,,,,,,,,,,,,,,,,,,,,,,,,,,
c156d05d8a9cad30a0d3860749091a36d2d9926c_ClientWindowConfig.java,1,0.0,,,,,,,,,,,,,,,,,,,,,,,,,,,,,,,,
50190f0393cc9e4b5275b13b01c1ee1a9dd174dc_DeltaSpikeFacesContextFactory.java,1,1.0,,,,,,,,,,,,,1.0,0.0,0.0,1.0,,,,,,,,,1.0,0.0,0.0,0.0,5.0,0.0,0.0,0.0
50190f0393cc9e4b5275b13b01c1ee1a9dd174dc_JsfClientWindowAwareLifecycleWrapper.java,1,0.0,,,,,,,,,,,,,0.0,0.0,0.0,1.0,,,,,0.0,0.0,0.0,1.0,0.0,0.0,0.0,1.0,,,,
41d31e83d488b1eb322c596ee6234108163214a2_AbstractContext.java,1,0.0,,,,,,,,,,,,,1.0,0.0,0.0,1.0,,,,,0.0,0.0,0.0,2.0,0.0,0.0,0.0,2.0,0.0,0.0,0.0,7.0
85bbd3c05c6182062fd3382811d43c62aa9c6663_CdiTestSuiteRunner.java,1,0.0,,,,,,,,,,,,,,,,,,,,,,,,,,,,,,,,
277bd24ca3639b6580777b63be163d33bf9c1c7d_DefaultClientWindow.java,1,0.0,,,,,,,,,,,,,1.0,0.0,0.0,0.0,,,,,3.0,0.0,0.0,1.0,3.0,0.0,0.0,1.0,11.0,0.0,0.0,2.0
ce7c9f94bd0e210834c097b486484fd4a3fd481a_JsfModuleConfig.java,1,0.0,,,,,,,,,,,,,0.0,0.0,0.0,3.0,,,,,0.0,0.0,0.0,2.0,0.0,0.0,0.0,2.0,0.0,0.0,0.0,1.0
1018aee5dbc790b7427d7fe3711e8b1da004aa3b_CdiTestRunner.java,0,0.0,,,,,,,,,,,,,0.0,0.0,4.0,0.0,,,,,0.0,1.0,0.0,0.0,0.0,0.0,1.0,0.0,0.0,0.0,1.0,0.0
bd6796897ec8e7602a8dcdabe143077bc2ee156c_HibernateQueryStringExtractor.java,1,0.0,,,,,,,,,,,,,,,,,,,,,,,,,0.0,0.0,0.0,1.0,0.0,0.0,0.0,2.0
bd6796897ec8e7602a8dcdabe143077bc2ee156c_OpenJpaQueryStringExtractor.java,1,0.0,,,,,,,,,,,,,,,,,,,,,,,,,0.0,0.0,0.0,1.0,0.0,0.0,0.0,1.0
6c0169550c2f282d38d7b1103db493704f522864_ResourceLocalTransactionStrategy.java,1,0.0,1.0,0.0,0.0,3.0,,,,,0.0,0.0,0.0,1.0,0.0,0.0,0.0,9.0,,,,,0.0,0.0,0.0,1.0,0.0,0.0,0.0,1.0,0.0,0.0,0.0,24.0
ad9ed6d5a73e92b616fdc7df75f934129a2d22b5_DestroyedLiteral.java,1,0.0,,,,,,,,,,,,,,,,,,,,,,,,,,,,,,,,
ad9ed6d5a73e92b616fdc7df75f934129a2d22b5_InitializedLiteral.java,1,0.0,,,,,,,,,,,,,,,,,,,,,,,,,,,,,,,,
db37a83a2cdd44cde147e6f9926c63e80422c5c6_DelegateQueryBuilder.java,1,0.0,,,,,,,,,,,,,,,,,,,,,,,,,,,,,,,,
2983608b213933b18319ea40ddb16e00919c7a68_DeltaSpikeLifecycleWrapper.java,0,0.0,,,,,,,,,,,,,0.0,4.0,0.0,0.0,,,,,0.0,1.0,1.0,0.0,0.0,2.0,0.0,0.0,0.0,0.0,2.0,0.0
258bec620af331399aae20c736edf3937698393e_PlaygroundJsfModuleConfig.java,1,0.0,,,,,,,,,,,,,,,,,,,,,,,,,,,,,,,,
258bec620af331399aae20c736edf3937698393e_TestExceptionHandler.java,1,0.0,,,,,,,,,,,,,,,,,,,,,,,,,,,,,,,,
258bec620af331399aae20c736edf3937698393e_DeltaSpikeLifecycleWrapper.java,1,0.0,,,,,,,,,,,,,0.0,0.0,0.0,4.0,,,,,0.0,0.0,0.0,1.0,0.0,0.0,0.0,1.0,0.0,0.0,0.0,2.0
457e20da50bdaa3be6b57b1f39e5d4717208d048_ViewAccessContext.java,1,0.0,,,,,,,,,0.0,0.0,0.0,1.0,0.0,0.0,0.0,1.0,,,,,0.0,0.0,0.0,1.0,0.0,0.0,0.0,3.0,0.0,0.0,0.0,7.0
140afd31c3df3a5c372fc3334c0e81ef1d57d8a3_DeltaSpikeNavigationHandler.java,0,0.0,,,,,,,,,,,,,0.0,7.0,0.0,0.0,,,,,0.0,3.0,0.0,0.0,0.0,3.0,0.0,0.0,0.0,4.0,0.0,0.0
d44ed2af5d699a841f3ff8c69c61e7fc3ce0b5fe_DeltaSpikeNavigationHandler.java,0,0.0,,,,,,,,,,,,,,,,,,,,,,,,,0.0,0.0,1.0,0.0,0.0,0.0,1.0,0.0
1b40518a753f2757548565a65012f9fb9d4f349e_ClasspathResourceProvider.java,1,0.0,,,,,,,,,,,,,,,,,,,,,,,,,,,,,,,,
1b40518a753f2757548565a65012f9fb9d4f349e_ExternalResource.java,1,0.0,,,,,,,,,,,,,,,,,,,,,,,,,,,,,,,,
1b40518a753f2757548565a65012f9fb9d4f349e_ExternalResourceProvider.java,1,0.0,,,,,,,,,,,,,,,,,,,,,,,,,,,,,,,,
1b40518a753f2757548565a65012f9fb9d4f349e_WebResourceProvider.java,1,0.0,,,,,,,,,,,,,0.0,0.0,0.0,1.0,,,,,0.0,0.0,0.0,1.0,0.0,0.0,0.0,1.0,0.0,0.0,0.0,2.0
ffb16f7a624c900fc4ffdb47a0dec3969008ac7e_ActiveEntityManagerHolder.java,0,1.0,,,,,,,,,,,,,,,,,,,,,,,,,,,,,,,,
e5160ee16e95d740c5d46132d54e5587d1208618_ExceptionHandlerBroadcaster.java,1,0.0,,,,,0.0,0.0,0.0,1.0,0.0,0.0,0.0,1.0,0.0,0.0,0.0,7.0,2.0,0.0,0.0,0.0,1.0,0.0,0.0,0.0,0.0,0.0,0.0,1.0,0.0,0.0,0.0,14.0
5ebbdaf00f8a0145c473a0f433b94a7c84769ffc_ClasspathResourceProvider.java,1,0.0,,,,,,,,,,,,,,,,,,,,,0.0,0.0,0.0,2.0,0.0,0.0,0.0,2.0,0.0,0.0,0.0,5.0
5ebbdaf00f8a0145c473a0f433b94a7c84769ffc_InjectableResourceProducer.java,0,0.0,,,,,,,,,,,,,0.0,1.0,0.0,0.0,,,,,0.0,2.0,0.0,0.0,0.0,5.0,0.0,0.0,0.0,15.0,0.0,0.0
360a69460cb4384554e9c3fa4060ec2b62f2bc00_RequestResponseHolder.java,1,0.0,,,,,,,,,,,,,0.0,0.0,0.0,2.0,,,,,0.0,0.0,0.0,2.0,0.0,0.0,0.0,4.0,0.0,0.0,0.0,2.0
8a08cddd7e7551f2c7faad19fbc67e1407379e70_AbstractContextualReferenceWrapper.java,1,0.0,,,,,,,,,,,,,2.0,0.0,0.0,0.0,,,,,1.0,0.0,0.0,0.0,1.0,0.0,0.0,0.0,4.0,0.0,0.0,1.0
8a08cddd7e7551f2c7faad19fbc67e1407379e70_ConverterWrapper.java,1,0.0,,,,,,,,,,,,,0.0,0.0,0.0,1.0,,,,,0.0,0.0,0.0,1.0,0.0,0.0,0.0,1.0,0.0,0.0,0.0,3.0
8a08cddd7e7551f2c7faad19fbc67e1407379e70_ValidatorWrapper.java,1,0.0,,,,,,,,,,,,,0.0,0.0,0.0,1.0,,,,,,,,,0.0,0.0,0.0,1.0,0.0,0.0,0.0,3.0
d113900492fe5a396bf6b012439ff806af880044_ProxyUtils.java,1,0.0,,,,,,,,,,,,,0.0,0.0,0.0,4.0,,,,,0.0,0.0,0.0,1.0,0.0,0.0,0.0,1.0,0.0,0.0,0.0,1.0
ccac36f2f6ace20f499cd82cb7382ce6ff7cc3cc_JsfRequestLifecycleBroadcaster.java,1,0.0,,,,,,,,,,,,,,,,,,,,,,,,,,,,,,,,
484f94ceb3c96bc1daebbb5e63725dfd0ec7e636_DeltaSpikeResourceHandler.java,1,0.0,,,,,,,,,,,,,0.0,0.0,0.0,6.0,,,,,0.0,0.0,0.0,1.0,0.0,0.0,0.0,1.0,0.0,0.0,0.0,3.0
89502997c73e8c45e86c450e607b4ae73c76b39d_DeltaSpikeResourceHandler.java,1,0.0,,,,,,,,,,,,,0.0,0.0,0.0,6.0,,,,,0.0,0.0,0.0,1.0,0.0,0.0,0.0,1.0,0.0,0.0,0.0,3.0
842933b7bab0061eef9237d2a839a3ef18bc6059_Pages.java,1,0.0,,,,,,,,,,,,,,,,,,,,,,,,,,,,,,,,
ebb464d20e0dbdaf4b5db0713f3d886cfcf0096e_BridgeExceptionHandlerWrapper.java,0,1.0,,,,,0.0,1.0,0.0,0.0,,,,,0.0,5.0,0.0,0.0,,,,,0.0,2.0,0.0,0.0,0.0,2.0,0.0,0.0,0.0,11.0,0.0,0.0
8457eb200c20795181cad2426b72f8a3092bcafa_ArchiveUtils.java,1,0.0,,,,,,,,,,,,,,,,,,,,,0.0,0.0,0.0,1.0,0.0,0.0,0.0,1.0,0.0,0.0,0.0,3.0
2c9a79d8b1bc6d5018032fd7fa95cb76f32c3803_DefaultMockFilter.java,1,0.0,,,,,,,,,,,,,0.0,0.0,0.0,2.0,,,,,,,,,0.0,0.0,0.0,2.0,0.0,0.0,0.0,2.0
2c9a79d8b1bc6d5018032fd7fa95cb76f32c3803_InternalTestMockFilter.java,1,0.0,,,,,,,,,,,,,0.0,0.0,0.0,1.0,,,,,,,,,0.0,0.0,0.0,1.0,0.0,0.0,0.0,1.0
3c16c913e62709c730b2f893f5fed79e42cce60a_MockedJsfTestContainerAdapter.java,1,0.0,,,,,,,,,,,,,0.0,0.0,0.0,1.0,0.0,0.0,0.0,1.0,0.0,0.0,0.0,1.0,0.0,0.0,0.0,1.0,0.0,0.0,0.0,1.0
3c16c913e62709c730b2f893f5fed79e42cce60a_MyFacesContainerAdapter.java,1,0.0,,,,,,,,,,,,,0.0,0.0,0.0,1.0,0.0,0.0,0.0,1.0,0.0,0.0,0.0,1.0,0.0,0.0,0.0,1.0,0.0,0.0,0.0,1.0
3c16c913e62709c730b2f893f5fed79e42cce60a_MyFacesContainerPerTestMethodAdapter.java,1,0.0,,,,,,,,,,,,,0.0,0.0,0.0,1.0,0.0,0.0,0.0,1.0,0.0,0.0,0.0,1.0,0.0,0.0,0.0,1.0,0.0,0.0,0.0,1.0
8bfcbb6e9798bb488309afcda1a32cae8714a2f3_MockFilter.java,1,0.0,,,,,,,,,,,,,,,,,,,,,,,,,,,,,,,,
98d9422b3f66fba837399d2e33953f6106f2aa54_DefaultMockFilter.java,0,1.0,,,,,,,,,,,,,0.0,7.0,0.0,0.0,,,,,0.0,3.0,0.0,0.0,0.0,4.0,0.0,0.0,0.0,12.0,0.0,0.0
3175cb2669b47df33702676184e240834ee99d61_SimpleQueryInOutMapperBase.java,1,0.0,,,,,,,,,,,,,0.0,0.0,0.0,1.0,,,,,0.0,0.0,0.0,2.0,0.0,0.0,0.0,3.0,0.0,0.0,0.0,8.0
95826016ff1afc65dc573527a7ab0fc1baf956c6_ArraySize.java,1,0.0,,,,,,,,,,,,,,,,,,,,,,,,,,,,,,,,
95826016ff1afc65dc573527a7ab0fc1baf956c6_InjectableConstraintValidator.java,1,0.0,,,,,,,,,,,,,,,,,,,,,,,,,,,,,,,,
82fe52d6af84af9e6aac4fc0f69c4d176386e391_ViewConfigTestDrone.java,1,0.0,,,,,,,,,,,,,,,,,,,,,,,,,,,,,,,,
16f247c73939efef2dc6530030cff32b41bbb30f_ClientWindowHelper.java,0,1.0,,,,,,,,,,,,,0.0,2.0,0.0,0.0,,,,,0.0,1.0,0.0,0.0,0.0,1.0,0.0,0.0,0.0,5.0,0.0,0.0
1242cec7ecd1df68cc184f33c2fda7d2069cbb23_DefaultSecurityStrategy.java,1,1.0,,,,,,,,,,,,,,,,,,,,,0.0,0.0,0.0,4.0,0.0,0.0,0.0,4.0,1.0,0.0,0.0,16.0
11af2fa08063970c31338e05970f2cc2e88c7b64_CriteriaSupport.java,1,0.0,,,,,,,,,,,,,,,,,,,,,,,,,,,,,,,,
11af2fa08063970c31338e05970f2cc2e88c7b64_QueryCriteria.java,0,1.0,,,,,,,,,,,,,,,,,,,,,0.0,2.0,2.0,0.0,0.0,1.0,3.0,0.0,0.0,3.0,12.0,0.0
a411ec7161fff842dc261969692fd10abc99ad57_InjectionAwareApplicationWrapper.java,1,0.0,,,,,,,,,,,,,0.0,0.0,0.0,6.0,,,,,0.0,0.0,0.0,2.0,0.0,0.0,0.0,2.0,0.0,0.0,0.0,4.0
36dee2b8e372a3f19f46757d920e8a9ac6ebcefc_ViewConfigExtension.java,1,0.0,,,,,,,,,,,,,0.0,0.0,0.0,11.0,,,,,0.0,0.0,0.0,4.0,0.0,0.0,0.0,4.0,0.0,0.0,0.0,18.0
3a270ec59e1dc58f5e98fc0b40e997102ae57325_DefaultSecurityStrategy.java,1,0.0,,,,,,,,,,,,,,,,,,,,,0.0,0.0,0.0,1.0,0.0,0.0,0.0,1.0,0.0,0.0,0.0,2.0
ae2291937417f1fb337f55bc987fdda53d1591aa_WeldContainerControl.java,1,0.0,,,,,,,,,,,,,0.0,0.0,0.0,4.0,,,,,0.0,0.0,0.0,1.0,0.0,0.0,0.0,1.0,0.0,0.0,0.0,4.0
39308d33f351aabfe7cf98e904c4f2f4a34d8268_OpenWebBeansContainerControl.java,1,0.0,,,,,,,,,,,,,0.0,0.0,0.0,2.0,,,,,0.0,0.0,0.0,1.0,0.0,0.0,0.0,1.0,0.0,0.0,0.0,2.0
39308d33f351aabfe7cf98e904c4f2f4a34d8268_WeldContainerControl.java,1,0.0,,,,,,,,,0.0,0.0,0.0,1.0,0.0,0.0,0.0,1.0,,,,,0.0,0.0,0.0,1.0,0.0,0.0,0.0,1.0,0.0,0.0,0.0,2.0
3f14b941154ac59edbb04fb0e77e21ade712ae19_JsfUtils.java,0,0.0,,,,,0.0,0.0,1.0,0.0,,,,,0.0,0.0,4.0,0.0,,,,,0.0,0.0,1.0,0.0,0.0,0.0,1.0,0.0,0.0,0.0,1.0,0.0
04ee688a8d1ffbefc3aae7db4ce02297e226a350_LessThan.java,1,0.0,,,,,,,,,,,,,,,,,,,,,,,,,0.0,0.0,0.0,1.0,0.0,0.0,0.0,2.0
13e1d4d0df5a9d453b91d151abf54866fa1f6d7d_SubstringFrom.java,1,0.0,,,,,,,,,,,,,,,,,,,,,,,,,,,,,,,,
ab90cc4ee677e5bfc609ceed3708780cf2d97c0d_SecurityAwareViewHandler.java,1,0.0,,,,,,,,,,,,,10.0,0.0,0.0,0.0,,,,,1.0,0.0,0.0,0.0,1.0,0.0,0.0,0.0,9.0,0.0,0.0,2.0
4b564cc24e709373d8c85d548a02a70a63e83860_ClientWindowHelper.java,0,0.0,,,,,,,,,,,,,0.0,5.0,0.0,0.0,,,,,0.0,2.0,2.0,0.0,0.0,4.0,0.0,0.0,0.0,7.0,6.0,0.0
5745b0a6431d57647632356edbaafdc583006251_ViewRef.java,1,0.0,,,,,,,,,,,,,0.0,0.0,0.0,1.0,,,,,,,,,0.0,0.0,0.0,1.0,0.0,0.0,0.0,4.0
5745b0a6431d57647632356edbaafdc583006251_InlineViewMetaData.java,1,0.0,,,,,,,,,,,,,,,,,,,,,,,,,,,,,,,,
5745b0a6431d57647632356edbaafdc583006251_ViewConfigResolver.java,1,0.0,,,,,,,,,,,,,,,,,,,,,,,,,,,,,,,,
5745b0a6431d57647632356edbaafdc583006251_ViewMetaData.java,1,0.0,,,,,,,,,,,,,,,,,,,,,,,,,,,,,,,,
129d30627f0c8cbeef2ad6727a75cacf78441418_ConfigResolver.java,1,0.0,,,,,,,,,,,,,0.0,0.0,0.0,1.0,,,,,1.0,0.0,0.0,1.0,0.0,0.0,0.0,2.0,0.0,0.0,0.0,8.0
8048657e265ab4f39b8b2e42425602bf151c7b91_OpenWebBeansContainerControl.java,1,0.0,,,,,,,,,,,,,0.0,0.0,0.0,2.0,,,,,0.0,0.0,0.0,1.0,0.0,0.0,0.0,1.0,0.0,0.0,0.0,2.0
cd75b04e3c557f778b6a1dcdcf7f21a6c9d2be40_DefaultClientWindow.java,0,0.0,,,,,,,,,,,,,0.0,3.0,0.0,0.0,,,,,0.0,2.0,0.0,0.0,0.0,2.0,0.0,0.0,0.0,2.0,0.0,0.0
2041f2a8142496fdfd361e13227fc3451cae8b52_BeanProvider.java,1,0.0,,,,,,,,,,,,,0.0,0.0,0.0,10.0,,,,,2.0,0.0,0.0,1.0,0.0,0.0,0.0,10.0,1.0,0.0,0.0,32.0
7e4825269a2c58ed994974f17b0b30e2f4753d21_JsfUtils.java,1,0.0,,,,,,,,,,,,,0.0,0.0,0.0,2.0,,,,,,,,,0.0,0.0,0.0,1.0,,,,
8138f1bb4413ec17e8c1ff43fc28a0d488275f38_JsfUtils.java,1,0.0,,,,,,,,,,,,,0.0,0.0,0.0,3.0,,,,,0.0,0.0,0.0,1.0,0.0,0.0,0.0,1.0,0.0,0.0,0.0,1.0
34b713b41cc1a237cb128ac24207b76a6bb81d0c_Aggregated.java,1,0.0,,,,,,,,,,,,,,,,,,,,,,,,,,,,,,,,
e3ce1da6945f6336efca40b11cc14ae18ebfe117_ResourceLocalTransactionStrategy.java,1,0.0,4.0,0.0,0.0,0.0,,,,,1.0,0.0,0.0,0.0,9.0,0.0,0.0,0.0,,,,,1.0,0.0,0.0,0.0,2.0,0.0,0.0,0.0,20.0,0.0,0.0,20.0
ed8ad5816bafc030023bbcc8701d7399ce41b345_ConfigurationExtension.java,0,0.0,,,,,,,,,,,,,0.0,2.0,3.0,0.0,,,,,0.0,1.0,0.0,0.0,0.0,0.0,1.0,0.0,0.0,4.0,3.0,0.0
ed8ad5816bafc030023bbcc8701d7399ce41b345_DefaultConfigSourceProvider.java,0,1.0,,,,,,,,,,,,,,,,,,,,,,,,,,,,,,,,
ed8ad5816bafc030023bbcc8701d7399ce41b345_EnvironmentPropertyConfigSourceProvider.java,1,0.0,,,,,,,,,,,,,,,,,,,,,,,,,,,,,,,,
ed8ad5816bafc030023bbcc8701d7399ce41b345_MyCustomPropertyFileConfig.java,1,0.0,,,,,,,,,,,,,,,,,,,,,,,,,0.0,0.0,0.0,1.0,,,,
7a1941913ee52d4285bea075ed19c466cddd404e_JsfModuleConfig.java,0,0.0,,,,,,,,,,,,,0.0,2.0,0.0,0.0,,,,,0.0,2.0,0.0,0.0,0.0,2.0,0.0,0.0,,,,
49ea10eecccf6d27d9402e70d296975e550f269e_TestConfigSource.java,1,0.0,,,,,,,,,,,,,,,,,,,,,,,,,,,,,,,,
49ea10eecccf6d27d9402e70d296975e550f269e_View.java,1,0.0,,,,,,,,,,,,,0.0,0.0,0.0,3.0,,,,,0.0,0.0,0.0,3.0,0.0,0.0,0.0,3.0,0.0,0.0,0.0,9.0
49ea10eecccf6d27d9402e70d296975e550f269e_SchedulerExtension.java,1,0.0,,,,,,,,,,,,,0.0,0.0,0.0,1.0,,,,,0.0,0.0,0.0,1.0,0.0,0.0,0.0,1.0,0.0,0.0,0.0,2.0
49ea10eecccf6d27d9402e70d296975e550f269e_CustomConfigSource.java,1,0.0,,,,,,,,,,,,,,,,,,,,,,,,,,,,,,,,
49ea10eecccf6d27d9402e70d296975e550f269e_CustomDeactivatedConfigSource.java,1,0.0,,,,,,,,,,,,,,,,,,,,,,,,,,,,,,,,
c0f74287286f5e3fa395c244aa3ca8b40e143343_ViewAccessScopedBeanX.java,1,0.0,,,,,,,,,,,,,,,,,,,,,,,,,0.0,0.0,0.0,2.0,0.0,0.0,0.0,1.0
dbc9a65182f143635abe80ea12c0ee0164bc2160_ViewConfigResolverProducer.java,0,0.0,,,,,,,,,,,,,0.0,1.0,0.0,0.0,,,,,0.0,1.0,0.0,0.0,0.0,2.0,0.0,0.0,0.0,0.0,1.0,0.0
4604814f93e45cb7571b69eddb50ff1756592671_BeanCacheKey.java,1,0.0,,,,,1.0,0.0,0.0,4.0,0.0,0.0,0.0,1.0,7.0,0.0,0.0,18.0,,,,,1.0,0.0,0.0,1.0,0.0,0.0,0.0,3.0,12.0,0.0,0.0,7.0
f92fcf3dce66f575f451a71554ec74d71d09b199_WeldContainerControl.java,1,0.0,,,,,,,,,,,,,0.0,0.0,0.0,2.0,,,,,,,,,0.0,0.0,0.0,1.0,,,,
812b55487f3cddc641f345575565f368cfca10d7_PartialBeanProxyFactory.java,1,0.0,,,,,0.0,0.0,0.0,4.0,,,,,0.0,0.0,0.0,4.0,,,,,0.0,0.0,0.0,2.0,0.0,0.0,0.0,2.0,0.0,0.0,0.0,17.0
7ad36c14c22df3bb0b156a397766af29892f0bcf_BeanProvider.java,1,0.0,,,,,,,,,,,,,,,,,,,,,,,,,0.0,0.0,0.0,4.0,0.0,0.0,0.0,15.0
7ad36c14c22df3bb0b156a397766af29892f0bcf_WrappingBeanBuilder.java,1,0.0,,,,,,,,,,,,,,,,,,,,,1.0,0.0,0.0,0.0,0.0,0.0,0.0,1.0,0.0,0.0,0.0,1.0
77be425a75d56f1e998a9d5cf73e07baa387fd04_MessageBundleExtension.java,1,0.0,,,,,,,,,,,,,0.0,0.0,0.0,1.0,,,,,0.0,0.0,0.0,1.0,0.0,0.0,0.0,2.0,3.0,0.0,0.0,2.0
add78f09f94c0ee5c21a4f45b5fadeac11f40921_CustomInterceptorImpl.java,1,0.0,,,,,,,,,,,,,,,,,,,,,,,,,0.0,0.0,0.0,1.0,0.0,0.0,0.0,1.0
1024330b81dcccd1377935ecf77ea54b6155899a_TestPartialBeanProvider.java,1,0.0,,,,,,,,,,,,,,,,,,,,,,,,,,,,,,,,
1c210af91668c807481fa5b3de3e5b6fef52821f_PropertyQueryPart.java,1,0.0,,,,,0.0,0.0,0.0,1.0,,,,,0.0,0.0,0.0,7.0,,,,,1.0,0.0,0.0,0.0,0.0,0.0,0.0,1.0,0.0,0.0,0.0,3.0
1c210af91668c807481fa5b3de3e5b6fef52821f_IndexedParameter.java,1,0.0,,,,,,,,,,,,,0.0,0.0,0.0,1.0,,,,,0.0,0.0,0.0,1.0,0.0,0.0,0.0,1.0,0.0,0.0,0.0,2.0
e90019fd902d8218fcb9df0f6c4ee5fc385f748c_ManualInvocationThrowableWrapperException.java,1,0.0,,,,,,,,,,,,,,,,,,,,,,,,,,,,,,,,
e90019fd902d8218fcb9df0f6c4ee5fc385f748c_PartialBean.java,1,0.0,,,,,,,,,,,,,,,,,,,,,,,,,0.0,0.0,0.0,1.0,,,,
e90019fd902d8218fcb9df0f6c4ee5fc385f748c_ApplicationScopedPartialBean.java,1,0.0,,,,,,,,,,,,,,,,,,,,,,,,,0.0,0.0,0.0,1.0,,,,
e90019fd902d8218fcb9df0f6c4ee5fc385f748c_AbstractSuper.java,1,0.0,,,,,,,,,,,,,,,,,,,,,,,,,0.0,0.0,0.0,1.0,,,,
f569c957e5ad1357c22080bfb4c979460cd4d4ef_ConfigResolver.java,1,0.0,,,,,,,,,,,,,0.0,0.0,0.0,1.0,,,,,0.0,0.0,0.0,4.0,0.0,0.0,0.0,5.0,0.0,0.0,0.0,14.0
c58aae597832e957aea3a0e2e92abbb080a08fdb_ConfigResolver.java,1,0.0,,,,,,,,,,,,,0.0,0.0,0.0,1.0,,,,,0.0,0.0,0.0,3.0,0.0,0.0,0.0,3.0,0.0,0.0,0.0,13.0
68cd621ec370a22584dca820f4850bf041cf10b7_PartialBeanBindingExtension.java,1,0.0,,,,,,,,,,,,,17.0,0.0,0.0,1.0,,,,,1.0,0.0,0.0,0.0,0.0,0.0,0.0,1.0,3.0,0.0,0.0,3.0
68cd621ec370a22584dca820f4850bf041cf10b7_ManualInvocationContext.java,1,0.0,,,,,,,,,,,,,0.0,0.0,0.0,6.0,,,,,1.0,0.0,0.0,0.0,0.0,0.0,0.0,1.0,1.0,0.0,0.0,6.0
68cd621ec370a22584dca820f4850bf041cf10b7_ManualInvocationHandler.java,1,0.0,,,,,,,,,,,,,3.0,0.0,0.0,0.0,,,,,0.0,0.0,0.0,1.0,0.0,0.0,0.0,2.0,0.0,0.0,0.0,8.0
ef13b74d646b1d11a0a732c4c3359df720da6d7a_ManualInvocationHandler.java,0,0.0,,,,,,,,,,,,,0.0,3.0,0.0,0.0,,,,,0.0,1.0,0.0,0.0,0.0,2.0,0.0,0.0,0.0,7.0,2.0,0.0
fcf4d77d692971a6a93731e64d044f6cf1757d6c_DeltaSpikeProxyContextualLifecycle.java,1,1.0,,,,,,,,,,,,,0.0,0.0,0.0,8.0,,,,,0.0,0.0,0.0,2.0,0.0,0.0,0.0,2.0,0.0,0.0,0.0,12.0
fcf4d77d692971a6a93731e64d044f6cf1757d6c_InjectionAwareApplicationWrapper.java,1,0.0,,,,,,,,,,,,,0.0,0.0,0.0,6.0,,,,,0.0,0.0,0.0,2.0,0.0,0.0,0.0,2.0,0.0,0.0,0.0,4.0
fcf4d77d692971a6a93731e64d044f6cf1757d6c_ArchiveUtils.java,1,0.0,,,,,,,,,,,,,,,,,,,,,0.0,0.0,0.0,1.0,0.0,0.0,0.0,1.0,0.0,0.0,0.0,2.0
fcf4d77d692971a6a93731e64d044f6cf1757d6c_PartialBeanBindingExtension.java,1,0.0,,,,,,,,,,,,,0.0,0.0,0.0,27.0,,,,,1.0,0.0,0.0,1.0,0.0,0.0,0.0,2.0,1.0,0.0,0.0,12.0
5af230eb2ae66ea20f7d89d4d6dba43c66ef41a8_CoreBaseConfig.java,1,0.0,,,,,,,,,,,,,,,,,,,,,,,,,,,,,,,,
5af230eb2ae66ea20f7d89d4d6dba43c66ef41a8_JsfUtils.java,1,0.0,,,,,,,,,,,,,0.0,0.0,0.0,2.0,,,,,,,,,0.0,0.0,0.0,1.0,,,,
5af230eb2ae66ea20f7d89d4d6dba43c66ef41a8_SchedulerBaseConfig.java,1,0.0,,,,,,,,,,,,,,,,,,,,,,,,,,,,,,,,
5af230eb2ae66ea20f7d89d4d6dba43c66ef41a8_CustomConfigSource.java,1,0.0,,,,,,,,,,,,,,,,,,,,,,,,,,,,,,,,
5af230eb2ae66ea20f7d89d4d6dba43c66ef41a8_TestBaseConfig.java,1,0.0,,,,,,,,,,,,,,,,,,,,,,,,,,,,,,,,
5af230eb2ae66ea20f7d89d4d6dba43c66ef41a8_AbstractMockManager.java,1,0.0,,,,,,,,,,,,,0.0,0.0,0.0,19.0,,,,,0.0,0.0,0.0,1.0,0.0,0.0,0.0,1.0,0.0,0.0,0.0,8.0
aaa5526976b35661e807c3e9465f500cf5b19543_AnnotationUtils.java,1,0.0,,,,,,,,,,,,,0.0,0.0,0.0,13.0,,,,,0.0,0.0,0.0,1.0,0.0,0.0,0.0,1.0,0.0,0.0,0.0,7.0
32a67c766cf504f6bc274528ffa238c2bbec028f_Criteria.java,1,0.0,,,,,,,,,,,,,,,,,,,,,,,,,,,,,,,,
32a67c766cf504f6bc274528ffa238c2bbec028f_QueryCriteria.java,1,0.0,,,,,,,,,,,,,,,,,,,,,0.0,0.0,0.0,4.0,0.0,0.0,0.0,4.0,0.0,0.0,0.0,8.0
077eadb0c03da7c0e90c3a43c804ad75716fd972_SecurityAwareViewHandler.java,0,0.0,,,,,,,,,,,,,0.0,16.0,0.0,0.0,,,,,0.0,1.0,0.0,0.0,0.0,1.0,0.0,0.0,0.0,10.0,1.0,0.0
d7210631b0e6f42dd33883155f0f467d6b15171a_ConverterAndValidatorProxyFactory.java,1,0.0,,,,,,,,,,,,,,,,,,,,,,,,,,,,,,,,
d7210631b0e6f42dd33883155f0f467d6b15171a_PartialBeanBindingExtension.java,1,0.0,,,,,,,,,,,,,,,,,,,,,,,,,,,,,,,,
d7210631b0e6f42dd33883155f0f467d6b15171a_PartialBeanProxyFactory.java,1,0.0,,,,,,,,,,,,,,,,,,,,,,,,,,,,,,,,
d7210631b0e6f42dd33883155f0f467d6b15171a_ManualInvocationThrowableWrapperException.java,1,0.0,,,,,,,,,,,,,,,,,,,,,,,,,,,,,,,,
d7210631b0e6f42dd33883155f0f467d6b15171a_DeltaSpikeProxyFactory.java,1,0.0,,,,,,,,,,,,,,,,,,,,,,,,,,,,,,,,
888e2fe18eddd382a95317ee7b33cd0804c0f86a_ArchiveUtils.java,1,0.0,,,,,,,,,,,,,,,,,,,,,0.0,0.0,0.0,1.0,0.0,0.0,0.0,1.0,0.0,0.0,0.0,2.0
38b1fa25261fff29bd36f78d389686d4ff0e55b7_DeltaSpikeProxyFactory.java,1,0.0,,,,,0.0,0.0,0.0,1.0,,,,,0.0,0.0,0.0,8.0,,,,,0.0,0.0,0.0,2.0,0.0,0.0,0.0,2.0,0.0,0.0,0.0,12.0
320ae6e1ffb856276c4864d540d003d65d530976_ViewConfigTestDrone.java,1,0.0,,,,,,,,,,,,,,,,,,,,,,,,,,,,,,,,
25b2b8cc0c955a28743f9a84925c8e410f0d298d_CoreBaseConfig.java,1,0.0,,,,,,,,,,,,,,,,,,,,,,,,,,,,,,,,
25b2b8cc0c955a28743f9a84925c8e410f0d298d_BeanManagerProvider.java,1,0.0,,,,,,,,,,,,,,,,,,,,,,,,,,,,,,,,
25b2b8cc0c955a28743f9a84925c8e410f0d298d_BaseConfigPropertyProducer.java,1,0.0,,,,,,,,,,,,,2.0,0.0,0.0,0.0,,,,,2.0,0.0,0.0,0.0,3.0,0.0,0.0,0.0,5.0,0.0,0.0,6.0
25b2b8cc0c955a28743f9a84925c8e410f0d298d_DefaultWindowContextQuotaHandler.java,1,0.0,,,,,,,,,,,,,,,,,,,,,,,,,0.0,0.0,0.0,1.0,,,,
25b2b8cc0c955a28743f9a84925c8e410f0d298d_DefaultClientWindowConfig.java,1,0.0,,,,,,,,,,,,,,,,,,,,,0.0,0.0,0.0,1.0,0.0,0.0,0.0,1.0,,,,
25b2b8cc0c955a28743f9a84925c8e410f0d298d_ClientWindowHelper.java,1,0.0,,,,,,,,,,,,,0.0,0.0,0.0,5.0,,,,,0.0,0.0,0.0,1.0,0.0,0.0,0.0,1.0,0.0,0.0,0.0,1.0
f1c4404476d4cbfbd76c962d41a39f5187f04211_CoreBaseConfig.java,1,0.0,,,,,,,,,,,,,,,,,,,,,,,,,,,,,,,,
f1c4404476d4cbfbd76c962d41a39f5187f04211_SchedulerBaseConfig.java,1,0.0,,,,,,,,,,,,,,,,,,,,,,,,,,,,,,,,
4d6aadc54ee24d045679ae922215808aa3bf5230_ConverterAndValidatorProxyFactory.java,1,0.0,,,,,,,,,,,,,,,,,,,,,,,,,,,,,,,,
4d6aadc54ee24d045679ae922215808aa3bf5230_DeltaSpikeProxyFactory.java,0,0.0,,,,,0.0,0.0,1.0,0.0,,,,,0.0,5.0,6.0,0.0,,,,,0.0,1.0,0.0,0.0,0.0,1.0,0.0,0.0,0.0,9.0,1.0,0.0
4d6aadc54ee24d045679ae922215808aa3bf5230_ManualInvocationThrowableWrapperException.java,1,0.0,,,,,,,,,,,,,,,,,,,,,,,,,,,,,,,,
f0fde693f6d0257cf6328e3bca50981f00084ce9_ViewConfigPathValidator.java,1,0.0,,,,,,,,,,,,,0.0,0.0,0.0,6.0,,,,,0.0,0.0,0.0,1.0,0.0,0.0,0.0,1.0,0.0,0.0,0.0,4.0
67ac8c940ca5e6866ccd5cfe7daf4700ae7fc1ab_FolderLiteral.java,1,0.0,,,,,,,,,,,,,,,,,,,,,,,,,,,,,,,,
ed0c2ef2ec5c1e6db9fd1a7733ad505dab6e47cf_AuthenticationListener.java,1,0.0,,,,,,,,,,,,,,,,,,,,,0.0,0.0,0.0,1.0,0.0,0.0,0.0,1.0,0.0,0.0,0.0,1.0
1238dbaee3fb8c52d99661ada6f4df200d065507_QueryRoot.java,1,0.0,,,,,,,,,,,,,,,,,,,,,0.0,0.0,0.0,1.0,0.0,0.0,0.0,1.0,0.0,0.0,0.0,1.0
1238dbaee3fb8c52d99661ada6f4df200d065507_QueryProcessorFactory.java,1,0.0,1.0,0.0,0.0,0.0,,,,,,,,,0.0,0.0,0.0,4.0,,,,,,,,,0.0,0.0,0.0,3.0,0.0,0.0,0.0,4.0
1238dbaee3fb8c52d99661ada6f4df200d065507_MethodPrefix.java,1,0.0,,,,,,,,,,,,,,,,,,,,,,,,,0.0,0.0,0.0,1.0,,,,
1238dbaee3fb8c52d99661ada6f4df200d065507_SimpleRepository.java,1,0.0,,,,,,,,,,,,,,,,,,,,,,,,,,,,,,,,
4b0168dbf7dc273a6b480a92b3821923e29f0ccb_OrderBy.java,1,1.0,,,,,0.0,0.0,0.0,1.0,,,,,0.0,0.0,0.0,11.0,0.0,0.0,0.0,1.0,1.0,0.0,0.0,3.0,0.0,0.0,0.0,6.0,1.0,0.0,0.0,10.0
4b0168dbf7dc273a6b480a92b3821923e29f0ccb_SimpleCriteriaRepository.java,1,0.0,,,,,,,,,,,,,,,,,,,,,,,,,0.0,0.0,0.0,1.0,,,,
8ed97fb72962cd5eabf50526ef80447cae2db3cd_CriteriaSupportHandler.java,1,0.0,,,,,,,,,,,,,,,,,,,,,,,,,0.0,0.0,0.0,2.0,0.0,0.0,0.0,3.0
8ed97fb72962cd5eabf50526ef80447cae2db3cd_SimpleCriteriaRepository.java,1,0.0,,,,,,,,,,,,,,,,,,,,,,,,,0.0,0.0,0.0,5.0,0.0,0.0,0.0,6.0
66dfd4f3647bc09b05fae1dc2e84b6b3347086d5_EntityRepositoryHandler.java,0,0.0,,,,,,,,,,,,,0.0,1.0,0.0,0.0,,,,,0.0,1.0,0.0,0.0,0.0,1.0,0.0,0.0,0.0,4.0,0.0,0.0
687e57e8962b13d33d428e05ef5f890317352e10_CdiQueryInvocationContext.java,1,0.0,,,,,,,,,,,,,0.0,0.0,0.0,6.0,,,,,0.0,0.0,0.0,3.0,0.0,0.0,0.0,5.0,0.0,0.0,0.0,11.0
2991e38f817a593e540e63c798f91742ae33d057_EntityRepositoryHandler.java,1,0.0,,,,,,,,,,,,,,,,,,,,,,,,,0.0,0.0,0.0,2.0,0.0,0.0,0.0,1.0
1f15e89e4c9dc59f7b292a29be7a0e3279ea1e3f_ClientSideWindowStrategy.java,1,0.0,1.0,0.0,0.0,1.0,,,,,,,,,0.0,0.0,0.0,5.0,,,,,1.0,0.0,0.0,1.0,0.0,0.0,0.0,3.0,0.0,0.0,0.0,9.0
1f15e89e4c9dc59f7b292a29be7a0e3279ea1e3f_LazyWindowStrategy.java,1,0.0,0.0,0.0,0.0,1.0,,,,,,,,,0.0,0.0,0.0,2.0,,,,,0.0,0.0,0.0,1.0,0.0,0.0,0.0,1.0,0.0,0.0,0.0,3.0
a16d304e67c26304807763aa4c95e8c0cbb83abc_WindowIdHtmlRenderer.java,1,1.0,,,,,,,,,,,,,0.0,0.0,0.0,13.0,,,,,0.0,0.0,0.0,2.0,0.0,0.0,0.0,2.0,0.0,0.0,0.0,7.0
a16d304e67c26304807763aa4c95e8c0cbb83abc_AbstractClientWindowStrategy.java,1,0.0,,,,,,,,,,,,,,,,,,,,,,,,,0.0,0.0,0.0,1.0,0.0,0.0,0.0,1.0
a16d304e67c26304807763aa4c95e8c0cbb83abc_LazyWindowStrategy.java,1,0.0,,,,,,,,,,,,,,,,,,,,,,,,,0.0,0.0,0.0,2.0,0.0,0.0,0.0,1.0
07f0bdd7b02ca9c5c2adbadd2f889cd1a5c7a695_ClientWindowAdapter.java,1,0.0,,,,,,,,,,,,,,,,,,,,,,,,,,,,,,,,
549ee2500d9d096e30bddb9957eac9b007f15cad_EntityUtils.java,1,0.0,,,,,,,,,,,,,0.0,0.0,0.0,3.0,,,,,0.0,0.0,0.0,1.0,0.0,0.0,0.0,1.0,0.0,0.0,0.0,3.0
938e6ecb307af8973b0d44c0c0cb6c4435c37a38_WindowIdHtmlRenderer.java,1,1.0,,,,,,,,,,,,,0.0,0.0,0.0,13.0,,,,,0.0,0.0,0.0,1.0,0.0,0.0,0.0,1.0,1.0,0.0,0.0,6.0
938e6ecb307af8973b0d44c0c0cb6c4435c37a38_AbstractClientWindowStrategy.java,0,0.0,,,,,,,,,,,,,0.0,3.0,0.0,0.0,,,,,0.0,1.0,0.0,0.0,0.0,1.0,0.0,0.0,0.0,2.0,2.0,0.0
104df5f6f57fad12c4fd2fbbea2cc7450f407cef_CdiTestRunner.java,0,0.0,,,,,,,,,,,,,0.0,6.0,0.0,0.0,,,,,0.0,3.0,0.0,0.0,0.0,2.0,1.0,0.0,0.0,9.0,6.0,0.0
595a53f4424d0edb6f356a7f155c25910f53c7fc_JsfUtils.java,0,1.0,0.0,0.0,2.0,0.0,,,,,,,,,0.0,0.0,15.0,0.0,,,,,0.0,2.0,2.0,0.0,0.0,0.0,4.0,0.0,0.0,10.0,16.0,0.0
6cf348a2a284f4e474a40cb3ebde6746d6056dd6_JsfUtils.java,0,0.0,0.0,0.0,2.0,0.0,,,,,,,,,0.0,0.0,10.0,0.0,,,,,0.0,0.0,3.0,0.0,0.0,0.0,3.0,0.0,0.0,3.0,17.0,0.0
4ee4c1472de41ffe7822b2aaf19cce82cb0af81c_WindowIdHtmlRenderer.java,1,0.0,0.0,0.0,0.0,1.0,,,,,,,,,0.0,0.0,0.0,11.0,,,,,0.0,0.0,0.0,1.0,0.0,0.0,0.0,1.0,0.0,0.0,0.0,8.0
b11d8174bf4a090db6b78666f06aeab04555b37b_CdiQueryInvocationContext.java,0,0.0,,,,,,,,,,,,,0.0,0.0,2.0,0.0,,,,,0.0,0.0,1.0,0.0,0.0,0.0,1.0,0.0,0.0,1.0,3.0,0.0
98a70f5b7ab35e6d5a9e14b6fda0d7edeb9dd4b2_MessageBundle.java,1,0.0,,,,,,,,,,,,,,,,,,,,,,,,,,,,,,,,
b4a68137bbac040e61bdddf5c2914f44e06fe845_ClassDeactivationUtils.java,1,0.0,,,,,,,,,,,,,0.0,0.0,0.0,10.0,,,,,0.0,0.0,0.0,1.0,0.0,0.0,0.0,1.0,0.0,0.0,0.0,8.0
206dc2f6ad19edc2b1a1f366668ba359e236e8f3_PersistenceUnitReader.java,1,0.0,,,,,1.0,0.0,0.0,1.0,1.0,0.0,0.0,0.0,0.0,0.0,0.0,7.0,,,,,1.0,0.0,0.0,2.0,0.0,0.0,0.0,3.0,0.0,0.0,0.0,27.0
aaf4464cac64893aed9fd8853aadf5d1ed662b97_MBean.java,1,0.0,,,,,,,,,,,,,,,,,,,,,,,,,,,,,,,,
bf5dc6239e073c2f1152d48c4962ea2bf3275d2a_WindowIdHtmlRenderer.java,1,0.0,0.0,0.0,0.0,1.0,,,,,,,,,0.0,0.0,0.0,11.0,,,,,0.0,0.0,0.0,1.0,0.0,0.0,0.0,1.0,0.0,0.0,0.0,8.0
97cc3e30067e46df16e79fdb7383c1ea0b2d41bd_ClientWindowConfig.java,1,0.0,,,,,,,,,,,,,,,,,,,,,,,,,,,,,,,,
67d5ef8bbf68c29e1c9dd3e99f15b89e458ed59d_EntityDescriptor.java,1,0.0,,,,,,,,,,,,,,,,,,,,,,,,,,,,,,,,
67d5ef8bbf68c29e1c9dd3e99f15b89e458ed59d_EntityDescriptorReader.java,0,0.0,,,,,0.0,1.0,0.0,0.0,,,,,0.0,3.0,0.0,0.0,,,,,0.0,1.0,2.0,0.0,0.0,3.0,1.0,0.0,0.0,5.0,14.0,0.0
67d5ef8bbf68c29e1c9dd3e99f15b89e458ed59d_MappedSuperclassDescriptor.java,1,0.0,,,,,,,,,,,,,,,,,,,,,,,,,,,,,,,,
67d5ef8bbf68c29e1c9dd3e99f15b89e458ed59d_PersistenceUnits.java,1,0.0,,,,,,,,,,,,,0.0,0.0,0.0,1.0,,,,,0.0,0.0,0.0,1.0,0.0,0.0,0.0,1.0,0.0,0.0,0.0,2.0
737d53063bf45789f8d09277d2b079cd33d89614_ClassDeactivationUtils.java,0,0.0,0.0,4.0,0.0,0.0,,,,,0.0,2.0,0.0,0.0,0.0,22.0,0.0,0.0,,,,,0.0,4.0,0.0,0.0,0.0,4.0,0.0,0.0,0.0,15.0,0.0,0.0
68eabcd337ca5aecebec2577c0922f5310ba6c4b_SecuredAnnotationAuthorizer.java,0,0.0,,,,,,,,,,,,,,,,,,,,,0.0,0.0,1.0,0.0,0.0,0.0,1.0,0.0,0.0,0.0,3.0,0.0
e7d35f57609e70ff4a975a072276e5dff7490a64_RepositoryComponentsFactory.java,1,0.0,,,,,,,,,,,,,,,,,,,,,,,,,,,,,,,,
70165b0481990aa55a8ecd56578a9aa82ec2c716_ClientWindowConfig.java,1,0.0,,,,,,,,,,,,,,,,,,,,,,,,,,,,,,,,
dd223d480ee56476107f1e3ec33290fe3ed104de_ClientSideWindowStrategy.java,1,0.0,0.0,0.0,0.0,3.0,,,,,,,,,0.0,0.0,0.0,3.0,,,,,1.0,0.0,0.0,0.0,0.0,0.0,0.0,1.0,1.0,0.0,0.0,6.0
74c0e3f8483e826398cc5f3491156db96b2f3b96_ActiveEntityManagerHolder.java,1,0.0,,,,,,,,,,,,,,,,,,,,,,,,,,,,,,,,
fc33f226735b1b3cd8e67a4cb60b8cdfa441aa0f_PersistenceUnits.java,1,0.0,,,,,,,,,,,,,,,,,,,,,0.0,0.0,0.0,1.0,0.0,0.0,0.0,1.0,0.0,0.0,0.0,2.0
080a62e1172078204617514f5cce002b1c95169e_ClassDeactivationUtils.java,1,0.0,,,,,,,,,,,,,0.0,0.0,0.0,3.0,,,,,0.0,0.0,0.0,1.0,0.0,0.0,0.0,1.0,0.0,0.0,0.0,3.0
086871c024dd1a7e1c97d5d1caa1c1f593372b46_ClientWindowHelper.java,0,0.0,,,,,,,,,,,,,0.0,2.0,0.0,0.0,,,,,0.0,2.0,0.0,0.0,0.0,2.0,0.0,0.0,0.0,7.0,0.0,0.0
086871c024dd1a7e1c97d5d1caa1c1f593372b46_JsfUtils.java,1,0.0,0.0,0.0,0.0,1.0,,,,,,,,,5.0,0.0,0.0,1.0,,,,,1.0,0.0,0.0,0.0,0.0,0.0,0.0,1.0,3.0,0.0,0.0,4.0
e55bca67dce242427f531d642e61c769b67613c8_Simple.java,1,0.0,,,,,,,,,,,,,,,,,,,,,,,,,,,,,,,,
e55bca67dce242427f531d642e61c769b67613c8_SuperSimple.java,1,0.0,,,,,,,,,,,,,,,,,,,,,,,,,,,,,,,,
7c48cb825f6a3f8cd7cecbb92105dd7c11b4822d_QueryProcessorFactory.java,1,0.0,,,,,,,,,,,,,0.0,0.0,0.0,1.0,0.0,0.0,0.0,1.0,0.0,0.0,0.0,1.0,0.0,0.0,0.0,4.0,0.0,0.0,0.0,12.0
aa1893f71d1658b4f052600453d89e83728b5233_SchedulerExtension.java,1,0.0,,,,,,,,,,,,,0.0,0.0,0.0,1.0,,,,,0.0,0.0,0.0,1.0,0.0,0.0,0.0,1.0,0.0,0.0,0.0,6.0
530dc72c869af207dec8da1cbc7b793f8d01d85a_AsmProxyClassGenerator.java,0,0.0,,,,,0.0,0.0,1.0,0.0,0.0,0.0,1.0,0.0,0.0,11.0,0.0,0.0,,,,,0.0,1.0,0.0,0.0,0.0,1.0,0.0,0.0,0.0,16.0,6.0,0.0
7c267ba0e8028e890d7169f581092789ac8f189e_StringUtils.java,1,0.0,,,,,,,,,,,,,,,,,,,,,,,,,0.0,0.0,0.0,1.0,0.0,0.0,0.0,1.0
7c267ba0e8028e890d7169f581092789ac8f189e_AnnotatedQueryBuilder.java,1,0.0,,,,,,,,,,,,,,,,,,,,,,,,,,,,,,,,
f2e4dec801dd4ef68fc96ddd7b55fccb1d03459d_SchedulerExtension.java,1,0.0,,,,,,,,,,,,,0.0,0.0,0.0,4.0,,,,,0.0,0.0,0.0,1.0,0.0,0.0,0.0,2.0,0.0,0.0,0.0,5.0
72b12c72e08f1b0c3c3716ee798b9814063bb774_TypeMetadataExtractor.java,1,0.0,,,,,,,,,,,,,0.0,0.0,0.0,3.0,,,,,0.0,0.0,0.0,1.0,0.0,0.0,0.0,1.0,0.0,0.0,0.0,5.0
6947560220e43e010ea8f210fea19a1bfe1a6d72_ClassUtils.java,1,0.0,,,,,,,,,,,,,0.0,0.0,0.0,2.0,,,,,0.0,0.0,0.0,1.0,0.0,0.0,0.0,2.0,0.0,0.0,0.0,6.0
6947560220e43e010ea8f210fea19a1bfe1a6d72_DelegateQueryBuilder.java,0,1.0,,,,,,,,,,,,,0.0,2.0,0.0,0.0,,,,,0.0,2.0,0.0,0.0,0.0,3.0,0.0,0.0,0.0,13.0,0.0,0.0
6480a0e5466567f487f36d73de697c6310f69149_AggregatedClassLoader.java,1,0.0,,,,,0.0,0.0,0.0,1.0,,,,,,,,,,,,,0.0,0.0,0.0,1.0,0.0,0.0,0.0,1.0,0.0,0.0,0.0,5.0
6480a0e5466567f487f36d73de697c6310f69149_EntityUtils.java,1,0.0,,,,,,,,,,,,,0.0,0.0,0.0,10.0,,,,,0.0,0.0,0.0,6.0,0.0,0.0,0.0,6.0,0.0,0.0,0.0,23.0
a77f4551ac0dca5b02588a9f6b123cc84944845c_RepositoryExtension.java,1,0.0,,,,,,,,,,,,,,,,,,,,,0.0,0.0,0.0,1.0,0.0,0.0,0.0,1.0,0.0,0.0,0.0,1.0
53da242376fb19782196eca45076edffd9e9061a_InjectionAwareApplicationWrapper.java,1,0.0,,,,,,,,,,,,,0.0,0.0,0.0,1.0,,,,,0.0,0.0,0.0,1.0,0.0,0.0,0.0,1.0,,,,
818dabe09572f973f3bbb3cd42b0bedacdb1b4e0_MyBeanInterceptor.java,1,0.0,,,,,,,,,,,,,,,,,,,,,,,,,,,,,,,,
b13e6898349d2021871a5985f85e1d99325461e7_EnableInterceptorsProxyFactory.java,1,0.0,,,,,,,,,,,,,2.0,0.0,0.0,0.0,,,,,1.0,0.0,0.0,0.0,0.0,0.0,0.0,3.0,8.0,0.0,0.0,3.0
2b630819a6392e52b8ff6c5d306c21aa8cd50e90_FutureableInterceptor.java,1,0.0,,,,,,,,,,,,,0.0,0.0,0.0,2.0,,,,,1.0,0.0,0.0,0.0,0.0,0.0,0.0,1.0,0.0,0.0,0.0,7.0
6522fcb9e3cda9301b44430843ff2d9aa89473c2_MethodPrefix.java,1,0.0,,,,,,,,,,,,,0.0,0.0,0.0,1.0,,,,,,,,,0.0,0.0,0.0,1.0,,,,
2214758bdac1ff36c025afd26dca953b5023436f_DefaultQueryResult.java,1,0.0,,,,,,,,,,,,,,,,,,,,,0.0,0.0,0.0,4.0,0.0,0.0,0.0,8.0,0.0,0.0,0.0,12.0
ac3d5829c0ccaeffaf23de07d39557a590ec6b91_TestConfigSource.java,1,0.0,,,,,,,,,,,,,,,,,,,,,,,,,,,,,,,,
943cf54a6838573ebf4ddf90988c12842a04b47e_FutureableInterceptor.java,1,0.0,,,,,,,,,,,,,,,,,,,,,,,,,0.0,0.0,0.0,1.0,0.0,0.0,0.0,1.0
2a6058c56b4511f62e195da8c235b0b280fe441e_BaseConfigPropertyProducer.java,1,0.0,,,,,,,,,,,,,0.0,0.0,0.0,1.0,,,,,0.0,0.0,0.0,2.0,0.0,0.0,0.0,2.0,0.0,0.0,0.0,9.0
2a6058c56b4511f62e195da8c235b0b280fe441e_SettingsBean.java,1,0.0,,,,,,,,,,,,,,,,,,,,,,,,,0.0,0.0,0.0,1.0,,,,
9c8c62d2c14735737927c64f12fe3062c431422f_CoreBaseConfig.java,1,0.0,,,,,,,,,,,,,,,,,,,,,,,,,,,,,,,,
9c8c62d2c14735737927c64f12fe3062c431422f_ThreadPoolManager.java,1,0.0,,,,,,,,,0.0,0.0,0.0,1.0,0.0,0.0,0.0,1.0,,,,,0.0,0.0,0.0,1.0,0.0,0.0,0.0,1.0,0.0,0.0,0.0,4.0
a33015198eb6bb9e08eaf9493d30cff635266304_CoreBaseConfig.java,1,0.0,,,,,,,,,,,,,,,,,,,,,,,,,,,,,,,,
138eec6167cf7cfa428d3dab78a7b870eb72920d_WindowIdHtmlRenderer.java,1,1.0,0.0,0.0,0.0,1.0,,,,,,,,,19.0,0.0,0.0,0.0,,,,,2.0,0.0,0.0,1.0,3.0,0.0,0.0,0.0,8.0,0.0,0.0,1.0
f632269f12404626b0ae24b0fbf1c643b3aae8d9_CdiQueryInvocationContext.java,1,0.0,,,,,,,,,,,,,,,,,,,,,,,,,,,,,,,,
0bb287f56a3e4d2afc9f731ce56fc03102a7dd08_EntityUtils.java,1,0.0,,,,,,,,,,,,,0.0,0.0,0.0,1.0,,,,,,,,,0.0,0.0,0.0,1.0,0.0,0.0,0.0,1.0
df1a0c9d45fb7474ca23c0ab8fe56ef3dc185224_SimpleIntermediateRepository.java,1,0.0,,,,,,,,,,,,,,,,,,,,,,,,,,,,,,,,
70299c16d60eb47ced53d68a4dbc101326e910bb_QueryHandler.java,1,0.0,,,,,,,,,0.0,0.0,0.0,1.0,0.0,0.0,0.0,2.0,,,,,0.0,0.0,0.0,1.0,0.0,0.0,0.0,1.0,0.0,0.0,0.0,12.0
1054cd83c64e016245304b9965f3495fceb48f14_OptionalUtil.java,1,0.0,,,,,,,,,,,,,0.0,0.0,0.0,1.0,,,,,,,,,0.0,0.0,0.0,1.0,0.0,0.0,0.0,1.0
1054cd83c64e016245304b9965f3495fceb48f14_DelegateQueryBuilder.java,1,0.0,,,,,,,,,,,,,1.0,0.0,0.0,1.0,,,,,1.0,0.0,0.0,0.0,0.0,0.0,0.0,1.0,0.0,0.0,0.0,5.0
81b390e29f2a767dce3be0c1a7c60cd9b278247d_ExcludeTestProjectStageWarFileDevelopment.java,1,0.0,,,,,,,,,,,,,,,,,,,,,,,,,,,,,,,,
5e6c6ab2bdf9b969d4407786e851e305cc7fd25c_AbstractManualInvocationHandler.java,1,0.0,,,,,,,,,,,,,,,,,,,,,,,,,,,,,,,,
a56d06256838c734e4b5f1269117a1095457df34_AbstractClientWindowStrategy.java,1,0.0,,,,,,,,,,,,,0.0,0.0,0.0,1.0,,,,,,,,,0.0,0.0,0.0,2.0,,,,
712fc6dca9bb732bee094b9107929b20d439c952_TransactionBeanStorage.java,1,0.0,,,,,,,,,,,,,,,,,,,,,0.0,0.0,0.0,1.0,0.0,0.0,0.0,1.0,,,,
712fc6dca9bb732bee094b9107929b20d439c952_DeltaSpikeProxyFactory.java,1,0.0,,,,,0.0,0.0,0.0,1.0,,,,,0.0,0.0,0.0,6.0,,,,,1.0,0.0,0.0,0.0,0.0,0.0,0.0,1.0,2.0,0.0,0.0,8.0
712fc6dca9bb732bee094b9107929b20d439c952_SchedulerExtension.java,1,0.0,,,,,,,,,,,,,0.0,0.0,0.0,2.0,,,,,1.0,0.0,0.0,0.0,0.0,0.0,0.0,1.0,0.0,0.0,0.0,3.0
712fc6dca9bb732bee094b9107929b20d439c952_SecuredAnnotationAuthorizer.java,1,0.0,,,,,,,,,0.0,0.0,0.0,1.0,0.0,0.0,0.0,2.0,,,,,1.0,0.0,0.0,0.0,0.0,0.0,0.0,1.0,1.0,0.0,0.0,6.0
40d24ab50ad1660390d9b06bc5c6ac5cabd84329_DynamicMBeanWrapper.java,1,1.0,,,,,,,,,,,,,,,,,,,,,,,,,,,,,,,,
17b3513f69f3546f4b60f8a5ca744644983944a9_Service.java,1,0.0,,,,,,,,,,,,,,,,,,,,,0.0,0.0,0.0,2.0,0.0,0.0,0.0,2.0,0.0,0.0,0.0,8.0
552891f58e4359c884d4b67def72cbc68430d224_WeldContainerControl.java,1,0.0,,,,,,,,,0.0,0.0,0.0,1.0,0.0,0.0,0.0,1.0,,,,,0.0,0.0,0.0,1.0,0.0,0.0,0.0,1.0,0.0,0.0,0.0,2.0
6d0c4a272cbef0e56dd1c60ea4b3f4e4069b8eca_ConfigResolver.java,1,0.0,,,,,,,,,0.0,0.0,0.0,2.0,,,,,,,,,,,,,0.0,0.0,0.0,3.0,0.0,0.0,0.0,5.0
6d0c4a272cbef0e56dd1c60ea4b3f4e4069b8eca_DefaultConfigPropertyProducer.java,1,0.0,,,,,,,,,,,,,0.0,0.0,0.0,3.0,,,,,0.0,0.0,0.0,1.0,0.0,0.0,0.0,1.0,0.0,0.0,0.0,4.0
0cb288d092ef8131c84dfab33870a65331ecd079_SettingsBean.java,1,0.0,,,,,,,,,,,,,,,,,,,,,,,,,0.0,0.0,0.0,1.0,,,,
8e6fa365a3e8f52f1262320408457fa95d40cf00_Configuration.java,1,0.0,,,,,,,,,,,,,,,,,,,,,,,,,,,,,,,,
8e6fa365a3e8f52f1262320408457fa95d40cf00_ProxyConfigurationLifecycle.java,0,1.0,,,,,,,,,,,,,0.0,15.0,0.0,0.0,,,,,0.0,1.0,0.0,0.0,0.0,2.0,0.0,0.0,0.0,12.0,0.0,0.0
a7e242ce143ad2b41902fd9f9ffbf2d53ac4e8de_ConfigurationExtension.java,1,0.0,,,,,,,,,,,,,0.0,0.0,0.0,3.0,,,,,0.0,0.0,0.0,1.0,0.0,0.0,0.0,1.0,0.0,0.0,0.0,3.0
08d5916ed5719087abe4829f42b83d493c6ede3a_CdiTestRunner.java,0,0.0,,,,,,,,,,,,,0.0,0.0,5.0,0.0,,,,,0.0,0.0,1.0,0.0,0.0,0.0,1.0,0.0,0.0,0.0,1.0,0.0
0a8160f7b721493db8f6728182fab252ce2916c6_ShrinkWrapArchiveUtil.java,1,0.0,,,,,,,,,,,,,0.0,0.0,0.0,9.0,,,,,0.0,0.0,0.0,1.0,0.0,0.0,0.0,1.0,0.0,0.0,0.0,11.0
5c04cec3b4c381f78a5de9888ab81f7f0c701ed9_ConfigurationExtension.java,1,0.0,,,,,,,,,0.0,0.0,0.0,1.0,0.0,0.0,0.0,5.0,,,,,1.0,0.0,0.0,0.0,0.0,0.0,0.0,1.0,0.0,0.0,0.0,7.0
5c04cec3b4c381f78a5de9888ab81f7f0c701ed9_DeltaSpikeConfigInfoMBean.java,1,0.0,,,,,,,,,,,,,,,,,,,,,,,,,,,,,,,,
e2b54d4db684582e563aaaf5aa09c00cee42e6f7_PropertyFileUtils.java,0,0.0,,,,,,,,,,,,,0.0,2.0,2.0,0.0,,,,,0.0,1.0,0.0,0.0,0.0,1.0,0.0,0.0,0.0,3.0,2.0,0.0
301ff1b4e73a547b1e1be5410ebbb5ff881b67c1_PersistenceConfigurationProviderImpl.java,1,0.0,,,,,,,,,,,,,0.0,0.0,0.0,2.0,,,,,0.0,0.0,0.0,1.0,0.0,0.0,0.0,1.0,0.0,0.0,0.0,5.0
46a3b6759fabb55fd2b913b9f7b4635687d0c5d7_AnnotatedQueryBuilder.java,1,0.0,,,,,,,,,,,,,,,,,,,,,,,,,,,,,,,,
46a3b6759fabb55fd2b913b9f7b4635687d0c5d7_OrQueryPart.java,1,0.0,0.0,0.0,0.0,1.0,,,,,,,,,,,,,,,,,0.0,0.0,0.0,1.0,0.0,0.0,0.0,1.0,0.0,0.0,0.0,7.0
46a3b6759fabb55fd2b913b9f7b4635687d0c5d7_OrderByQueryPart.java,1,0.0,,,,,,,,,,,,,,,,,,,,,0.0,0.0,0.0,1.0,0.0,0.0,0.0,1.0,0.0,0.0,0.0,9.0
46a3b6759fabb55fd2b913b9f7b4635687d0c5d7_PropertyQueryPart.java,1,0.0,,,,,,,,,,,,,,,,,,,,,0.0,0.0,0.0,1.0,0.0,0.0,0.0,1.0,0.0,0.0,0.0,4.0
46a3b6759fabb55fd2b913b9f7b4635687d0c5d7_QueryProcessorFactory.java,1,0.0,,,,,,,,,,,,,,,,,0.0,0.0,0.0,1.0,0.0,0.0,0.0,1.0,0.0,0.0,0.0,7.0,0.0,0.0,0.0,18.0
46a3b6759fabb55fd2b913b9f7b4635687d0c5d7_EntityManagerRefLookup.java,1,0.0,,,,,,,,,,,,,0.0,0.0,0.0,2.0,,,,,0.0,0.0,0.0,1.0,0.0,0.0,0.0,1.0,0.0,0.0,0.0,2.0
80d672bf06b88fd2e1f501cf48fefe8d588acd7f_QueryProcessorFactory.java,1,0.0,,,,,,,,,,,,,,,,,0.0,0.0,0.0,1.0,0.0,0.0,0.0,1.0,0.0,0.0,0.0,5.0,0.0,0.0,0.0,15.0
d9b1acb2b54b87d5ba66bba4305d2723318d869a_CdiQueryInvocationContext.java,1,0.0,,,,,,,,,,,,,0.0,0.0,0.0,3.0,,,,,0.0,0.0,0.0,1.0,0.0,0.0,0.0,1.0,0.0,0.0,0.0,1.0
762d3a53b4d029e5bdff5e7b3824e3686af19bfe_CdiQueryInvocationContext.java,0,0.0,,,,,,,,,,,,,0.0,0.0,8.0,0.0,,,,,0.0,0.0,3.0,0.0,0.0,0.0,3.0,0.0,0.0,0.0,8.0,0.0
762d3a53b4d029e5bdff5e7b3824e3686af19bfe_RepositoryMethodMetadata.java,1,0.0,,,,,,,,,,,,,,,,,,,,,,,,,0.0,0.0,0.0,2.0,0.0,0.0,0.0,1.0
a551978c2510be4397fae94a9c97056c5be2d5f9_RepositoryMethodMetadata.java,1,0.0,,,,,,,,,,,,,,,,,,,,,,,,,0.0,0.0,0.0,2.0,0.0,0.0,0.0,1.0
a551978c2510be4397fae94a9c97056c5be2d5f9_TransactionalQueryRunner.java,1,0.0,,,,,,,,,,,,,,,,,,,,,0.0,0.0,0.0,1.0,0.0,0.0,0.0,1.0,0.0,0.0,0.0,2.0
4965c176758672e32579d2af00bc0c458b828a9e_QueryHandler.java,1,0.0,,,,,,,,,1.0,0.0,0.0,0.0,0.0,0.0,0.0,8.0,,,,,0.0,0.0,0.0,3.0,0.0,0.0,0.0,3.0,0.0,0.0,0.0,27.0
4965c176758672e32579d2af00bc0c458b828a9e_RepositoryMetadataInitializer.java,1,0.0,,,,,,,,,,,,,,,,,,,,,0.0,0.0,0.0,1.0,0.0,0.0,0.0,1.0,0.0,0.0,0.0,7.0
256431539ca8b01aa237d33f5bcb723e292f8893_QueryHandler.java,1,0.0,,,,,,,,,,,,,,,,,,,,,,,,,,,,,,,,
256431539ca8b01aa237d33f5bcb723e292f8893_RepositoryMetadataInitializer.java,0,0.0,,,,,,,,,,,,,0.0,1.0,0.0,0.0,,,,,0.0,1.0,0.0,0.0,0.0,1.0,0.0,0.0,0.0,1.0,4.0,0.0
b4c2ed26341a732f475db440c1b16f6a77115617_DeltaSpikeProxyContextualLifecycle.java,1,0.0,,,,,,,,,,,,,10.0,0.0,0.0,0.0,,,,,4.0,0.0,0.0,0.0,4.0,0.0,0.0,0.0,11.0,0.0,0.0,0.0
b4c2ed26341a732f475db440c1b16f6a77115617_DeltaSpikeProxyInterceptorLookup.java,0,1.0,,,,,,,,,,,,,0.0,1.0,0.0,0.0,,,,,0.0,3.0,0.0,0.0,0.0,3.0,0.0,0.0,0.0,14.0,0.0,0.0
56d56989d4aa3f34e4353da42bca428f6a6751d2_RepositoryMetadataHandler.java,1,0.0,,,,,,,,,,,,,0.0,0.0,0.0,1.0,,,,,0.0,0.0,0.0,1.0,0.0,0.0,0.0,1.0,0.0,0.0,0.0,2.0
56d56989d4aa3f34e4353da42bca428f6a6751d2_EntityManagerRefLookup.java,1,0.0,,,,,,,,,,,,,0.0,0.0,0.0,3.0,,,,,0.0,0.0,0.0,1.0,0.0,0.0,0.0,1.0,0.0,0.0,0.0,2.0
edeff80a283f124b395b19698b3bbf20db56c559_GlobalInterceptorExtension.java,1,0.0,,,,,,,,,0.0,0.0,0.0,1.0,1.0,0.0,0.0,1.0,,,,,1.0,0.0,0.0,1.0,0.0,0.0,0.0,2.0,3.0,0.0,0.0,3.0
b1903c2b3463dfa368d0fe973c72f2055c838bf6_SecuredBean2.java,1,0.0,,,,,,,,,,,,,,,,,,,,,,,,,,,,,,,,
77fa4b8653c525d631e462d148c3af5b368f8361_ConfigResolver.java,0,0.0,,,,,,,,,,,,,0.0,27.0,0.0,0.0,,,,,0.0,5.0,0.0,0.0,0.0,11.0,0.0,0.0,0.0,35.0,3.0,0.0
717771b275f406ce7ce43cd528be44d6053b7d2b_PropertyFileUtils.java,0,0.0,,,,,,,,,,,,,0.0,4.0,0.0,0.0,,,,,0.0,1.0,0.0,0.0,0.0,1.0,0.0,0.0,0.0,7.0,1.0,0.0
7b55ff21da633b11ac84a6526fce0b64473ca669_ConfigResolver.java,1,0.0,,,,,,,,,,,,,1.0,0.0,0.0,14.0,,,,,0.0,0.0,0.0,2.0,0.0,0.0,0.0,2.0,0.0,0.0,0.0,5.0
51eceaec9ccd7993bda8ebb7f92a4ef19417733a_RepositoryMetadataInitializer.java,0,0.0,,,,,,,,,,,,,0.0,2.0,0.0,0.0,,,,,0.0,1.0,0.0,0.0,0.0,1.0,0.0,0.0,0.0,4.0,2.0,0.0
4e2502358526b944fc5514c206d306e97ff271bb_WindowIdHtmlRenderer.java,1,0.0,0.0,0.0,0.0,1.0,,,,,,,,,0.0,0.0,0.0,11.0,,,,,0.0,0.0,0.0,1.0,0.0,0.0,0.0,1.0,1.0,0.0,0.0,7.0
72e607f3be66c30c72b32c24b44e9deaa8e54608_AbstractClientWindowStrategy.java,0,1.0,,,,,,,,,,,,,0.0,3.0,0.0,0.0,,,,,0.0,0.0,1.0,0.0,0.0,2.0,0.0,0.0,0.0,5.0,0.0,0.0
b5f94113b15716e7fed81ea643f3948040079422_AnnotatedConstructorImpl.java,1,0.0,,,,,1.0,0.0,0.0,0.0,,,,,0.0,0.0,0.0,3.0,,,,,0.0,0.0,0.0,1.0,0.0,0.0,0.0,1.0,0.0,0.0,0.0,3.0
1c3a16be161eb2e994df5454f7de3335c3ca1246_AnnotationRule.java,1,0.0,,,,,,,,,,,,,,,,,,,,,,,,,0.0,0.0,0.0,1.0,,,,
036c8e95e36e57f0fd5c7b4c6a1946ad27f1367a_TestControl.java,1,0.0,,,,,,,,,,,,,,,,,,,,,,,,,,,,,,,,
036c8e95e36e57f0fd5c7b4c6a1946ad27f1367a_TestControlLiteral.java,1,0.0,,,,,,,,,,,,,,,,,,,,,,,,,0.0,0.0,0.0,1.0,,,,
7177eda1fa84d3e2db4119c74d470e5c344133bf_CdiTestRunner.java,1,0.0,,,,,,,,,,,,,0.0,0.0,0.0,3.0,,,,,0.0,0.0,0.0,1.0,0.0,0.0,0.0,1.0,0.0,0.0,0.0,6.0
5a8369ae9b15555130951bc223352c8eb7ad64e3_LabelAwareGlobalAlternativeBeanClassProvider.java,0,0.0,,,,,,,,,,,,,0.0,6.0,6.0,0.0,,,,,0.0,0.0,1.0,0.0,0.0,0.0,1.0,0.0,0.0,2.0,7.0,0.0
ca6b722bd0cea0975580d74fefd53f25e9330cc5_CdiTestRunner.java,1,0.0,,,,,,,,,,,,,0.0,0.0,0.0,2.0,,,,,0.0,0.0,0.0,1.0,0.0,0.0,0.0,1.0,0.0,0.0,0.0,3.0
f56845c4ff08be03e61d293e54d7bcae72dccf30_ServiceUtils.java,1,0.0,,,,,1.0,0.0,0.0,0.0,,,,,0.0,0.0,0.0,4.0,,,,,1.0,0.0,0.0,0.0,0.0,0.0,0.0,3.0,1.0,0.0,0.0,10.0
5b07e197cb808cee108e1935cae18fc199c82a9f_ConfigResolver.java,1,0.0,,,,,,,,,,,,,,,,,,,,,0.0,0.0,0.0,1.0,0.0,0.0,0.0,11.0,0.0,0.0,0.0,20.0
7adfab6afa06e61a696b1d59d614a145705c38ea_ViewControllerRef.java,1,0.0,,,,,,,,,,,,,,,,,,,,,,,,,,,,,,,,
73cb1ca7ab185a09279cf8cd1d1331b436fca467_ConfigSource.java,1,0.0,,,,,,,,,,,,,,,,,,,,,,,,,,,,,,,,
fa8bff819197ce790ca365da97449d192ad7977c_ClassUtils.java,1,0.0,,,,,,,,,,,,,0.0,0.0,0.0,8.0,,,,,0.0,0.0,0.0,1.0,0.0,0.0,0.0,1.0,0.0,0.0,0.0,5.0
11e1cf724a0e40949882ab09bd5f57ad50a509c2_ConfigImpl.java,1,0.0,,,,,,,,,,,,,0.0,0.0,0.0,1.0,,,,,0.0,0.0,0.0,2.0,0.0,0.0,0.0,2.0,0.0,0.0,0.0,4.0
2cc5eeb074081aa5157da3420995f5cd85220c40_RepositoryMethodMetadataInitializer.java,1,0.0,,,,,,,,,,,,,0.0,0.0,0.0,1.0,,,,,0.0,0.0,0.0,2.0,0.0,0.0,0.0,2.0,0.0,0.0,0.0,8.0
82596c5749686ab5c747f191b1b8ee8359ae54d7_DefaultConfigNodeConverter.java,1,0.0,,,,,,,,,,,,,0.0,0.0,0.0,5.0,,,,,0.0,0.0,0.0,1.0,0.0,0.0,0.0,1.0,0.0,0.0,0.0,10.0
fdd1e3dcd9a12ceed831dd7460492b6dd788721c_Config.java,1,0.0,,,,,,,,,,,,,,,,,,,,,,,,,,,,,,,,
a101bab996d6cfad8369dc96626bb7d016318351_Config.java,1,0.0,,,,,,,,,,,,,,,,,,,,,,,,,,,,,,,,
a101bab996d6cfad8369dc96626bb7d016318351_ConfigImpl.java,1,0.0,,,,,0.0,0.0,0.0,1.0,0.0,0.0,0.0,1.0,0.0,0.0,0.0,2.0,,,,,0.0,0.0,0.0,1.0,0.0,0.0,0.0,1.0,0.0,0.0,0.0,5.0
a6296773d14db2339289179cf80ddb0339519229_ConfigTransactionImpl.java,1,0.0,,,,,,,,,,,,,,,,,,,,,,,,,,,,,,,,
9c125bd010de5bcd60f66ba2c3b0c019f108a5e0_Config.java,1,0.0,,,,,,,,,,,,,,,,,,,,,,,,,,,,,,,,
b7808929786eee130e9a724390ff148644d0b127_ExcludeExtension.java,0,0.0,0.0,1.0,0.0,0.0,,,,,,,,,0.0,2.0,0.0,0.0,,,,,0.0,2.0,0.0,0.0,0.0,2.0,0.0,0.0,0.0,11.0,0.0,0.0
1c187042577258360680de517151d748807ff6c8_CdiTestRunner.java,1,0.0,,,,,,,,,,,,,0.0,0.0,0.0,2.0,,,,,0.0,0.0,0.0,1.0,0.0,0.0,0.0,1.0,0.0,0.0,0.0,3.0
1c187042577258360680de517151d748807ff6c8_CdiTestSuiteRunner.java,0,0.0,,,,,,,,,,,,,0.0,7.0,0.0,0.0,,,,,0.0,2.0,2.0,0.0,0.0,4.0,0.0,0.0,0.0,10.0,5.0,0.0
376114096b824df8888854e69c1e86e34817c1a8_SimpleRepository.java,1,0.0,,,,,,,,,,,,,,,,,,,,,,,,,,,,,,,,
a13c57ff23ab066075038967e4b5c186adb405c5_QueryProcessorFactory.java,0,0.0,,,,,,,,,0.0,0.0,1.0,0.0,0.0,2.0,0.0,0.0,0.0,0.0,1.0,0.0,0.0,3.0,0.0,0.0,0.0,6.0,1.0,0.0,0.0,17.0,0.0,0.0
bb7806352f50465f197061672e1e727bc81b33c3_QueryOperator.java,1,0.0,,,,,,,,,,,,,,,,,,,,,,,,,,,,,,,,
2ae479efbafe7e09b1d43b3ed9ff00ef51985072_Authorizer.java,1,0.0,,,,,,,,,,,,,,,,,,,,,,,,,,,,,,,,
2f7e0c4e2b7fc9f45d41f139b62ee91c4eec1cd7_AuditProvider.java,1,0.0,,,,,,,,,,,,,,,,,,,,,,,,,,,,,,,,
360f67e154d96667fb2629d7ceab1e2529189295_AuditedEntity.java,1,0.0,,,,,,,,,,,,,,,,,,,,,,,,,,,,,,,,
6f7de55890adb92fca49985380fe9dfb65e821f8_Annotateds.java,0,1.0,,,,,,,,,,,,,,,,,,,,,,,,,,,,,,,,
ab2fa0d1715084a364c666504ad4b4ea74a23cdc_Annotateds.java,1,1.0,,,,,,,,,,,,,,,,,,,,,,,,,,,,,,,,
752a4a57fa79a939dc1713d4c8bbc83b3fc6df5e_CDIAwareConstraintValidatorFactory.java,1,0.0,,,,,,,,,,,,,,,,,,,,,,,,,,,,,,,,
8936f921f39d270ecd5cc762d92c0b66f579b61d_WindowIdHtmlRenderer.java,1,0.0,,,,,,,,,,,,,,,,,,,,,,,,,,,,,,,,
8936f921f39d270ecd5cc762d92c0b66f579b61d_DefaultErrorViewAwareExceptionHandlerWrapper.java,1,0.0,,,,,,,,,,,,,,,,,,,,,,,,,,,,,,,,
42acc253a94c84ac354271611ca7613e5f1e1179_AsmDeltaSpikeProxyClassGenerator.java,1,0.0,,,,,,,,,,,,,,,,,,,,,,,,,,,,,,,,
beae6e12f64e1a0066c3add17a4bfcca2ee0fb2c_AbstractClientWindowStrategy.java,1,0.0,,,,,,,,,,,,,,,,,,,,,,,,,,,,,,,,
0eff953a7e5a4df01ab8ded7a1737fd9278178a3_DefaultConfigSourceProvider.java,0,0.0,,,,,,,,,,,,,,,,,,,,,,,,,,,,,,,,
c7b3a2ea084c40066b533de13f57b28eb21da876_SchedulerBaseConfig.java,1,0.0,,,,,,,,,,,,,,,,,,,,,,,,,,,,,,,,
001fce1281af2ad02d1c70632dcb5a0bf5067e31_Transactional.java,1,0.0,,,,,,,,,,,,,,,,,,,,,,,,,,,,,,,,
d826c9686ca85a79b4e8f52beda4ab78b38bb680_ClassDeactivationUtils.java,1,0.0,,,,,,,,,,,,,,,,,,,,,,,,,,,,,,,,
5ffcaf3b8243586e9a479f7a7e554a34c7669844_BaseTestConfigProperty.java,1,0.0,,,,,,,,,,,,,,,,,,,,,,,,,,,,,,,,
1a37ce7935176b5c51498b911b879e053e22fbd1_AnotherBeanConverter.java,1,0.0,,,,,,,,,,,,,,,,,,,,,,,,,,,,,,,,
8f18bfafbe208355a129650faaca6f40d246917e_DeltaSpikeProxyFactory.java,1,0.0,,,,,,,,,,,,,,,,,,,,,,,,,,,,,,,,
facacde41ded50f3f98499354680356283fb3a99_ConfigResolver.java,1,0.0,,,,,,,,,,,,,,,,,,,,,,,,,,,,,,,,
422a78a3c1c25b8040fa4516dfa080da0baa7ed8_ConfigImpl.java,1,0.0,,,,,,,,,,,,,,,,,,,,,,,,,,,,,,,,
941e3717c18196dc7bcee1de8dcaac86e6f874c4_BaseConfigPropertyProducer.java,1,0.0,,,,,,,,,,,,,,,,,,,,,,,,,,,,,,,,
941e3717c18196dc7bcee1de8dcaac86e6f874c4_DefaultConfigPropertyProducer.java,1,0.0,,,,,,,,,,,,,,,,,,,,,,,,,,,,,,,,
b7c4f46c1ef893d37f02ca97ef5b5d4bce93e24a_WeldContainerControl.java,1,0.0,,,,,,,,,,,,,,,,,,,,,,,,,,,,,,,,
b7c4f46c1ef893d37f02ca97ef5b5d4bce93e24a_ClassUtils.java,1,0.0,,,,,,,,,,,,,,,,,,,,,,,,,,,,,,,,
